,Unnamed: 0,text,sarcasm
0,0.0,It's just a privilege to watch your mind at work.,1
1,1.0,I don't think I'll be able to stop thinking about it.,1
2,2.0,"Since it's not bee season, you can have my epinephrine.",0
3,3.0,"Lois Lane is falling, accelerating at an initial rate of 32 feet per second per second. Superman swoops down to save her by reaching out two arms of steel. Miss Lane, who is now traveling at approximately 120 miles an hour, hits them and is immediately sliced into three equal pieces.",0
4,4.0,I'm just inferring this is a couch because the evidence suggests the coffee table is having a tiny garage sale.,1
5,5.0,"Sheldon, if you were a robot, and I knew and you didn't...",0
6,6.0,"If you're compiling a mix CD for a double suicide. Oh, I hope that scratching post is for you.",1
7,7.0,No. The dark crescent-shaped patterns under your arms conceal it nicely.,1
8,8.0,"How's this? ""Pleased to meet you, Dr. Gablehauser. ""How fortunate for you that the university's ""chosen to hire you, despite the fact ""that you've done no original research in 25 years, ""and instead have written a series of popular books ""that reduce the great concepts of science ""to a series of anecdotes, ""each one dumbed down to accommodate the duration ""of an average bowel movement.",1
9,9.0,"Yeah, my parents felt that naming me Leonard and putting me in Advanced Placement classes wasn't getting me beaten up enough.",1
10,10.0,"Sure, cut the foreigner in half. There's a billion more where he came from.",1
11,11.0,"Leonard, may I present, live from New Delhi, Dr. and Mrs. V. M. Koothrappali.",0
12,12.0,"Well, I'm sorry, too, but there's just no room for you in my wallet.",1
13,13.0,"I've got some feelers out. In the meantime, listen to this.",0
14,14.0,That woman looks exactly like the pictures of Princess Panchali in the book. How often does one see a beloved fictional character come to life?,0
15,15.0,Not to mention you'd have to power down on saturdays.,0
16,16.0,"Well, there's always the possibility that a trash can spontaneously formed around the letter but Occam's rasor would suggest that someone threw it out.",1
17,17.0,"Technically, yes. But, if you'll notice... It's reversible!",0
18,18.0,Just the latest copy of Applied Particle Physics quarterly.,1
19,19.0,"Oh, you know, that is so weird that yours came and mine didn't.",1
20,20.0,Do you think Penny will come here and take care of us?,0
21,21.0,"- Now?! - No, after my tongue has swollen to the size of a brisket!",1
22,22.0,"What else? Sell it on eBay as ""slightly used.""",0
23,23.0,"Good idea, sit with her. Hold her, comfort her. And if the moment feels right, see if you can cop a feel.",1
24,24.0,"Notify the editors of the Oxford English Dictionary. The word ""plenty"" has been redefined to mean ""two.""",1
25,25.0,"Oh, please. The only way she could make a contribution to science would be if they resumed sending chimps into space.",1
26,26.0,I think tonight was a very good start.,0
27,27.0,"I'm sorry, I am not going back to the Renaissance fair.",0
28,28.0,You were very clear. As was everyone else at the table.,0
29,29.0,"They gave him an assistant? If I want a new pen, I have to go to the bank with wire cutters.",1
30,30.0,"Maybe when I publish it, I'll include an inhaler.",1
31,31.0,I don't know. It just died. I'm getting a bunch of static.,0
32,32.0,"Sadly, Mrs. Giselle Wolowitz is sensitive to chlorine. Lucky for her I like my fashion models pruny and bug-eyed.",1
33,33.0,The big deal is that nobody touches food on my plate.,0
34,34.0,On a dusty highway just outside Bakersfield. Where do you think? On Mars!,1
35,35.0,How nice. Maybe they can carpool when they visit you in federal prison.,1
36,36.0,"What do you think I did? I discreetly slipped off the other earring, put it in my pocket and then got the hell out of there!",0
37,37.0,The blunt instrument that will be the focus of my murder trial?,1
38,38.0,Would it work if I just punched you in the face?,0
39,39.0,Answering the question once and for all why Wolowitz bailed out of medical school.,0
40,40.0,My aunt Marion gave them to me for my 12th birthday.,0
41,41.0,You were right. Your larynx is terribly inflamed. I've never seen anything like it.,1
42,42.0,"""Dave."" Sounds like Leonard's got a new BFF.",1
43,43.0,"If you don't like this stuff, let's go next door and build her a bear.",1
44,44.0,"- Maybe I heard you wrong. A lot of words sound like ""yoga.""",1
45,45.0,Why don't you just lie down on the floor and swim there?,1
46,46.0,I hope I'm a waitress at the Cheesecake Factory for my whole life.,1
47,47.0,"When I didn't pay my bill, the Department of Water and Power thought I would enjoy the ambience.",1
48,48.0,There's no hurry. Tell them more about their secret love for each other.,0
49,49.0,"Kind of makes you feel more alive, doesn't it?",1
50,50.0,"Assuming I can keep up this pace, three hours, 11 minutes. Plus however long it takes to conclude this fairly pointless conversation.",1
51,51.0,"Excuse me, but what about me? Why don't I get a shot?",0
52,52.0,"So? Do cocaine smugglers write ""cocaine"" on the box?",1
53,53.0,Thank you so much for giving me the opportunity to help.,0
54,54.0,You know this can go on all night. Why don't you just come with us?,0
55,55.0,Provided he has already read and is familiar with the reestablishment of the DC multiverse.,0
56,56.0,"You think ""coffee,"" means coffee. That is so sweet.",1
57,57.0,"You don't really believe in that superstition, do you?",0
58,58.0,"Okay, here's an idea. What if I change my name and go live with my cousin and her husband, Avi, in Israel?",1
59,59.0,Hardly a day goes by when I don't think about it.,1
60,60.0,"Sure, maybe a tableau of me trying to pummel you to death.",1
61,61.0,"Terrific, it's just that... I don't think Penny wants me to go.",0
62,62.0,What did you mean when you said you were going to miss me?,0
63,63.0,"Ooh, big talk from a man who was once treed by a chicken.",1
64,64.0,"No, I mean, we can always go back to being friends.",0
65,65.0,It's an iCal download. She can put it right in her phone.,1
66,66.0,"You know, I've always wanted to go to a Goth nightclub.",1
67,67.0,"No, I'm behind on my Wiki-reading. I'm kind of on a John Grisham kick right now.",0
68,68.0,"- Chocolate? - No, I don't want any chocolate!",0
69,69.0,"Oh, you know, Goth stuff. Goth magazines, Goth music.",0
70,70.0,"Obviously, waitressing at The Cheese Cake Factory is a complex socio-economic activity that requires a great deal of analysis and planning.",1
71,71.0,When I have enough to destroy all the human toast on the Battlestar known as Galactica.,1
72,72.0,Seems like an awful lot of trouble to go through for intercourse.,0
73,73.0,"But if she dumps you, she'll have a new boyfriend by tomorrow morning and you'll have a new girlfriend when you figure out how to build one.",1
74,74.0,"Not a great movie, but look at that beautiful desert.",0
75,75.0,Right. That was so good! Sweety and meaty at the same time.,0
76,76.0,"I'm sorry, fiddling with yourself in the bathtub is a real class act.",1
77,77.0,"No, I mean Princess Leia. Of course I mean Bernadette. She's a wonderful girl and she really likes you.",1
78,78.0,"Oh, sure. And while we're at it, why don't we put our hands behind our backs, have an old-fashioned eating contest?",1
79,79.0,Leonard's work is nearly as amazing as third graders growing lima beans in wet paper towels.,1
80,80.0,"Okay, I got a bone to pick with you.",0
81,81.0,"Raj, you should've seen Leonard's experiment. The interference pattern was so cool when the electron beam was on.",0
82,82.0,"I was going to ask Leonard to do it, but he seemed a bit emotionally unstable and you don't want someone like that operating heavy machinery.",0
83,83.0,"Oh, we don't need to talk about that anymore. Leonard covered it pretty well in the car.",1
84,84.0,Don't you think looking for a new city to live in is a bit of an overreaction?,0
85,85.0,"I understand your point, but given a choice, Jews always go with Chinese food.",1
86,86.0,"Well, I always figured it was to study us, discover our weaknesses, and report back to your alien overlords.",1
87,87.0,Why don't you keep that stuff in the bathroom?,0
88,88.0,"Oh, no, no, I said I'm inviting you to come with me to Stan Lee's house.",0
89,89.0,There a new girlfriend in there? 'Cause you might need one.,1
90,90.0,"Oh, I'm so glad you asked it like that. You.",1
91,91.0,Can we please talk about something else? Maybe something vaguely related to life as we know it on this planet?,1
92,92.0,"Excuse me, I'm thirsty, so I'm going to go to the refrigerator and get myself a refreshing beverage.",0
93,93.0,"I read a study online that walking after a meal not only aids in digestion, but increases serotonin, and you know me, if there's one thing I like more than a refreshing beverage, it's serotonin. Bye-bye.",0
94,94.0,"So what, you're just gonna walk up and down the stairs?",0
95,95.0,"That's very thoughtful, but I think I'll finish my coffee first.",0
96,96.0,"In 1917, when Albert Einstein established the theoretic foundation for the laser in his paper <i>""Zur Quantentheorie der</i> <i>Strahlung,""</i> his fondest hope was that the resultant device be bitchin'.",1
97,97.0,A lot of people are working on that research. So what is all this?,1
98,98.0,It was the kind of thing that makes it kind of hard to face her now.,0
99,99.0,"All right, all right. He can buy his own desk.",0
100,100.0,I just have a question. Does Bernadette ever talk about me?,0
101,101.0,He does it all the time. He's a cornucopia of social awkwardness.,0
102,102.0,I just want to ask you a few questions about Howard Wolowitz.,0
103,103.0,"Yes. In fact, our menses are synchronized. Penny. Bernadette tells me you're planning a girls' night.",0
104,104.0,"...so anyway, to make a long story short, turns out I have an unusually firm cervix.",0
105,105.0,"Bernadette dared me to tell a dirty story. ""The Miller's Tale"" by Chaucer is the dirtiest story I know. It would have been hidden in sock drawers if people in the 14th century had worn socks.",0
106,106.0,Is it possible that she was going for your cheek and you moved and she accidentally got lip? That happens with me and my mom all the time.,0
107,107.0,"Well, I'm just glad you finally found yourself a keeper.",0
108,108.0,"Oh, and the science dudes want to talk science with you. What do you want to talk about-- rocks, dinosaurs, our friend the beaver?",1
109,109.0,"In the bedrooms of ten-year- old girls, where they belong.",1
110,110.0,"I don't know. Somebody bigger and... Yeah, sure. Why not you?",1
111,111.0,"Obviously, we're no longer a Justice League. We have no choice but to switch to our Muppet Baby costumes.",0
112,112.0,I understand. Your loyalty is admirable. But what if I were to up the ante?,0
113,113.0,"Certainly. I'd like to raise two points. Number one, I think they <i>are</i> talking about penises. And number two, these mimosas are kicking my little brown ass.",0
114,114.0,We might be starting to zero in on your problem.,1
115,115.0,"Hey, you taught me something. Who would have thought it?",1
116,116.0,"An entire dinner to talk about your research? Where you going, the drive-thru at Jack in the Box?",1
117,117.0,"Yeah, but you were just sleeping, because I forboded you to have sex.",0
118,118.0,"Oh, yeah, yeah. It's real great. Today I drove to Van Nuys for an audition I thought was going to be for a cat food commercial. Turned out to be porn.",1
119,119.0,"That's got to be fun for you, huh? Watching Hofstadter suck the saliva out of your sister's mouth?",1
120,120.0,"Yeah, it's a great time to be alive, isn't it?",1
121,121.0,I'm not saying that you're not fun. You're the most fun person I know.,0
122,122.0,"Saying that while holding a snowflake is a bit heavy-handed, don't you think?",1
123,123.0,"I'm sorry, Sheldon bought a loom and learned how to weave?",0
124,124.0,"Okay, Amy, you're being silly. I'm not concerned about who hangs out with who. And I certainly don't have a problem with Leonard's new girlfriend who wears way too much makeup. Ooh, these are cute. Of course if I buy them, I'll have to rent my womb out to a gay couple.",1
125,125.0,"Yes, I'd like a seven-day course of penicillin, some, uh, syrup of ipecac-- to induce vomiting-- and a mint.",1
126,126.0,"He drank from Leonard's glass. ""He drank from Leonard's glass""-- the words they'll be carving into my tombstone.",1
127,127.0,"Right, right, whereas Jewish mothers take a casual, la-di-da approach to their sons.",1
128,128.0,I gargled with tequila and may have swallowed a teeny bit.,0
129,129.0,is an event that's like a heart attack.,1
130,130.0,"Your girlfriend and your ex-girlfriend are hanging out together? Oh, yeah, that can only be good for you.",1
131,131.0,"I'd like to respond to that sarcastically: Yes, I relish the thought of a stranger covering my body with oil and rubbing it.",1
132,132.0,"Congratulations and welcome temporarily aboard. Here's your I.D. card, your key and your lapel pin. Which Leonard was too cool to wear.",1
133,133.0,Of course you do. You're a cutie pie! Any girl would be lucky to have you!,0
134,134.0,"Oh, I could so see you being the face of hemorrhoids.",1
135,135.0,"All right, so technically it's not a dinner date. I suppose you could call it a, uh, dinfast date. But if you did, you'd open yourself to peer-based mocking, such as, ""Hey, Leonard, how was your dinfast with Priya last night?""",0
136,136.0,"When you're done copping a feel, that goes on my wrist.",1
137,137.0,"Because you don't have a girlfriend? Well, good Lord, if that becomes a reason not to play Dungeons & Dragons, this game's in serious trouble.",0
138,138.0,Here's some other fun news on the Raj/Emily front. He gave her a pair of diamond earrings and leased her a car.,0
139,139.0,Smart. Whisper so the deaf chick can't hear you.,1
140,140.0,You just got off the list. Would you like back on it? This'll just take a moment. It's on a five and a quarter inch floppy.,1
141,141.0,"You see betrayal in others, but not yourself.",1
142,142.0,I don't know what I'm going to do. I don't want to break up over this.,0
143,143.0,"Frankly, Mom, I'm encouraged to see how advanced your group has become-- willing to sail out into the ocean without fear of falling off the edge.",1
144,144.0,"We don't say that, either. I'll make you a list. Oh, that would be mighty white of you.",0
145,145.0,"So, this spring, I get to go to the International Space Station. Oh, my word, a trip to the heavens.",0
146,146.0,"No, I'm just allergic to people who get Nobel Prizes for no good reason.",1
147,147.0,"Yes, there's nothing quite like the slightly widened eyes of mildly startled.",1
148,148.0,You have a thing of paper clips right there.,0
149,149.0,"Oh, my God, that's where I know you from.",1
150,150.0,"No. You mean this was all a ruse? Oh, how could I be so stu...",0
151,151.0,"Well, if you don't mind looking like an orange traffic cone, great.",1
152,152.0,"said horrible things about each other in public... all in all, a pretty magical night.",1
153,153.0,"Oh, of course he is. She's very interesting. Did you know, when she was 14, she severed the webbing between her own toes?",1
154,154.0,"You know, the holidays are just around the corner. Maybe he wants to see if he can lodge the other testicle up there.",1
155,155.0,Hmm. That's too bad. We could have spent New Year's Eve waiting for the ball to drop.,1
156,156.0,Sure. You want to see what all the scientists are wearing this year.,1
157,157.0,You'd think a winner could make a decent cup of cocoa.,1
158,158.0,"Oh, I see why you're confused. No, her news sounded important, but what you're forgetting is, it was an achievement in the field of biology. That's all about yucky, squishy things.",1
159,159.0,"No, but maybe she wants a man with a pocket watch.",0
160,160.0,"Well, yeah, sex with you is pretty great. Have you ever tried it?",0
161,161.0,"Well, that wady took high-wes pictures of my junk wast night for Cwaigswist.",0
162,162.0,You mean for a person whose neck massages feel like an eagle is trying to carry you to its nest?,1
163,163.0,"Yeah, terrific. The other astronauts would love to go hurtling through space with a guy named ""Crash.""",1
164,164.0,Maybe that's because I'm not being challenged. It's the same reason Einstein failed math.,0
165,165.0,"Hope your hands are steady. It's the width of a single hair. But this is just biology, so I'm sure it's no problem for a genius like you.",1
166,166.0,"Oh, screw her. She's just lucky we let her hang out with us.",0
167,167.0,"I'm sorry, it's the bad boy attitude that comes with this hair.",0
168,168.0,"Also instead of just living in your mother's house, you could actually live inside her body.",1
169,169.0,"...to all the good times we had, like, uh, when we went camping and spent that night telling each other all our secrets. I told him I'm addicted to pedicures and he told me he lost his virginity to his cousin.",0
170,170.0,"How about you? Did you have a fun night? Yeah, we, uh, made gift bags, had wine, and then went online and saw this.",1
171,171.0,"Not exactly. Listen, if you don't mind, I'm not really up for chatting. I'm just going to sit here quietly and let my life flash before my eyes.",0
172,172.0,"Darn. If you weren't busy, I'd ask you to join us.",1
173,173.0,I am talking to a man in space. If you don't have the (walkie-talkie static) then he might as well be at the Coffee Bean over on Lake Street.,0
174,174.0,I'm starting to get a sense of it.,1
175,175.0,"Well, if that's all it takes, it's a good thing you don't have a dog.",1
176,176.0,"Of course, it is... it's been in the news. And it's a very famous boson.",0
177,177.0,I didn't know they gave Nobel prizes for making boom-boom in the potty.,1
178,178.0,"The original title was ""A Rederivation of Maxwell's Equations Regarding Electromagnetism"""" I dumbed it down because some of the more religious people in town were starting to say I was a witch.",0
179,179.0,We've kind of been involved in a five-year experiment.,0
180,180.0,My limbic system wants to take your pants off.,0
181,181.0,"Okay, the NASA Web site says Howard's final descent has begun.",0
182,182.0,"Yeah, well, Bernadette's a little under the weather and my mom's kind of under my dentist.",0
183,183.0,"It's okay, you know, we space cowboys don't do what we do for glory and fame. We leave that to your rock stars and your athletes and your Howie Mandels.",0
184,184.0,that sounds a little funny to an American ear.,0
185,185.0,"""To Stuart, your comic book store is out of this world. Just like the guy in this picture was.""",0
186,186.0,"You're right, the party's fantastic. Please, tell me more. I haven't heard enough about it all week because hearing about that never gets old!",1
187,187.0,"Amy, I can't just ask Wil Wheaton to leave. He's a minor celebrity. Once you explain who he is, many people recognize him.",0
188,188.0,"She was just so sad all the time. Yeah, I was the only person who could cheer her up. Well, me and Ben and Jerry.",0
189,189.0,"Yeah, that was five weeks ago. How much longer is he gonna milk that cow?",0
190,190.0,"Anyway, to this day, I still can't see a box of crayons without crossing my legs.",0
191,191.0,Exactly what it was half an hour ago. It's like you're not even trying to get better.,1
192,192.0,I did. The guy at the liquor store said this stuff tastes great in coffee.,0
193,193.0,"Come on, let's just start walking. There's got to be a gas station or something nearby.",0
194,194.0,Why don't you ask Scotty to beam you up?,1
195,195.0,"No, just me, her and a couple of the big wigs. It's part of a bonus she got.",0
196,196.0,"Dumped her? What, did he use a forklift?",1
197,197.0,Like Burt and Ernie. You guys even teach me stuff about words and numbers.,1
198,198.0,"Trust me, you're not Jewish. That's how they get you.",0
199,199.0,"Yeah, I'm really looking forward to it. In fact, there's no place I would rather be than here.",1
200,200.0,And I'm cool with surprises. But nothing on a Jumbotron. I don't want to cry on a big screen like that.,0
201,201.0,We could go to Red Lobster and talk about it. We're all thinking it. I just had the decency to wait for him to leave.,0
202,202.0,"Go out with me on one date, and I promise you, you'll see.",0
203,203.0,"Oh, sure, what a wonderful idea. And after that, I'll make up my own rules of oral hygiene. You know, instead of flossing, I'll rub pudding on my gums. I'm going to get the number of the SyFy Channel and give them what for.",1
204,204.0,"Oh, I think we were looking at creepy in the rearview mirror when I put up that camera.",0
205,205.0,I think I'm gonna go. Thank you for the burrito and the pork rinds and the 20-minute lecture on why monster trucks are better than regular trucks.,1
206,206.0,"A lane frequented by liars. Like you, you big liar!",0
207,207.0,Because you're in the right lane behind a bus and you won't go around it? I'm sure she finds it charming.,1
208,208.0,"I enjoyed it. When you told me I was going to be ""losing my virginity,"" I didn't think you meant showing me <i>Raiders of the Lost Ark</i> for the first time.",1
209,209.0,It was very entertaining... despite the glaring story problem.,1
210,210.0,How do you not tear off his clothes and take him right here on this table?,1
211,211.0,"Not as relieved as I'm about to be. It's a brave new world, little lady.",0
212,212.0,"I'm not going to bother him, I'm going to talk to him.",0
213,213.0,"- No, no, no. I'm really good at this. All right, give me a hint. Does it involve difficulty initiating a stream of anything?",0
214,214.0,"Why? Because I got an ugly, itchy sweater, and my brother got a car? No, I was her favorite.",1
215,215.0,Can we talk about something else? Do you know that I yodel?,0
216,216.0,I can't believe we wasted all that time on our Hulk costumes.,0
217,217.0,"People usually start a meeting with a joke, but you go ahead-- end with one.",0
218,218.0,What do you think I was gonna do at home?,0
219,219.0,I was gonna say we pick up a cake or a pie. But an insult to her faith is always thoughtful.,1
220,220.0,"Ooh, I'm gonna check the fridge, and see if there are any clues inside a beer.",1
221,221.0,"Well, my beer isn't flat and my rack's not saggy. So far, the future's great.",1
222,222.0,"And of those few months, how long have you been a demented sex pervert?",0
223,223.0,"Let the dead man talk. So, why do you think that?",0
224,224.0,"Well, now that I've given up string theory, I'm struggling to find my next area of focus. So, in your professional opinion, which of these areas do you think is the most promising?",0
225,225.0,"You know, if you're really serious about that, I hear there are some exciting opportunities in home care for the old and fat.",1
226,226.0,"And if it turns out you don't... - you and I could live together. - You and... Oh, sure.",1
227,227.0,"- You and... Oh, sure. And while we're at it, why don't we get engaged, too? Why don't we get a little house, start a family? Enjoy our sunset years together? Do you hear yourself, woman?!",1
228,228.0,"There they go, fighting again. You'd never hear her talk that way to Sauvignon Blanc.",1
229,229.0,"I'm with him three years, nothing. She's with two minutes, and he's taking his pants off.",0
230,230.0,I'll give you a plan right now. Step one: open comic book store. Step two: start rumor this comic book store gives you genital warts.,0
231,231.0,"On the bright side, that Oxford study was right. One friend down. I wonder who you're going to lose next.",1
232,232.0,That's how much buying a comic book store means to me.,0
233,233.0,"Okay, sit down. Listen, Emily, what happened between me and Raj was a long time ago. It was,",0
234,234.0,It's true-- you're both gorgeous. Kind of says something about the man who could bed you both.,0
235,235.0,I don't need a reason-- it's my house.,0
236,236.0,"Boy, when you met Bernadette, the field of robotics really took a hit.",1
237,237.0,Let's not talk about this in front of our friends.,0
238,238.0,Maybe it's a good thing we came here. It's like a lesson in what not to do.,1
239,239.0,"Same as all of us, getting out of a car without underwear.",1
240,240.0,"Because no one wants to see Neil deGrasse Tyson in a wet T-shirt, bent over the hood of a Porsche.",0
241,241.0,"Wow, he really went where no man has gone before.",0
242,242.0,"Well, he said it was a tribble. It could be a toupee, but either way, it's pretty cool.",0
243,243.0,"Ah, that's a good question. Apparently someone was being awfully flirty while not wearing their engagement ring, causing another someone to show up here thinking the first someone might be available.",1
244,244.0,"Wow, you still have it? I just assumed it was balled up in the corner of a barn somewhere.",1
245,245.0,"Next time I might be in a rush, it's good to have a few in the bank.",0
246,246.0,I'm listening to you snore. I'm wondering how I'll ever sleep without it.,1
247,247.0,"He probably got a new one. Finish your breakfast. Look, there's an entire section of my dashboard that doesn't have any syrup on it.",0
248,248.0,And here I am in the trap. You just keep talking. I'm gonna chew my leg off.,1
249,249.0,"And I love that I work and do all the cleaning, and you're okay with that.",1
250,250.0,"Oh, you're hardly out of the woods, no. You still run the risk of infection, a blood clot, the possibility that an inattentive surgeon let a barn spider lay eggs in your nose.",0
251,251.0,"I love that you take pride in your looks, even when I have to pee in the morning, and you're in there spending an hour on your hair.",1
252,252.0,I love that you're too good to pee in the kitchen sink.,1
253,253.0,"So as they say, all good things must come to an end.",0
254,254.0,Doesn't Professor Abbott's family want any of this stuff?,0
255,255.0,"I guess the sad truth is, not everyone will accomplish something great. Some of us may just have to find meaning in the little moments that make up life.",0
256,256.0,"You know what? That was almost on topic. I'm gonna say, ""Good job, Sheldon.""",1
257,257.0,Are you sure a dummy like me can handle something as complicated as a blanket?,1
258,258.0,"No, you're right, we should do what you do. Have our mom send us pants from the Walmart in Houston.",1
259,259.0,Is that why you had to take him to Office Depot last night?,0
260,260.0,"As you may know, I've been experimenting with elevated anxiety levels, and I thought, what better way to increase my discomfort than to subject myself to an evening of tasteless uncensored crotch talk?",0
261,261.0,"And how difficult it is to do when she's bloated, cranky and crampy?",0
262,262.0,"I've, uh, created some other user accounts so I can post positive comments about their paper.",0
263,263.0,The answer's in this puzzle box. Let's see if you can open it.,1
264,264.0,"No, Stuart picked out those throw pillows all on his own.",1
265,265.0,"Not much, but he seemed to be in a pretty good place.",0
266,266.0,"I don't know, perhaps somebody took it off the carousel by mistake?",0
267,267.0,This is why I've been saying we should keep champagne on ice.,1
268,268.0,"Yeah, turns out half a dozen menorahs really sets a mood.",1
269,269.0,"Yeah, we just want to have the kind of dinner that we've all had here so many times before.",0
270,270.0,"Yeah, good for you, Leonard. That's a lovely little notion. Kind of like, I wish I could talk to my uncle in Chicago. Yeah, now stand back while I invent the telephone. Hello? Oh, hold on. Leonard, it's your uncle. He says you just got burned.",1
271,271.0,It's why my people wandered the desert for 40 years. Took that long to walk it off.,1
272,272.0,"All right, Amy's in charge of pricing and being 75.",1
273,273.0,"And if I had a friend, they might have told me that.",0
274,274.0,Then buckle up; you're in for a cranky night.,0
275,275.0,"Oh, just put it in your mouth and pop it like a zit.",0
276,276.0,"No need to. As soon as she flies into California airspace, I'll feel a disturbance in the Force.",1
277,277.0,"Uh, no. I overheard Bernadette tell Howard she was making him a meat loaf, and you don't have to not ask me twice.",0
278,278.0,"Oh, yes, we've got the moon and the trees and... Elizabeth McNulty, who apparently died when she was the same age I am.",0
279,279.0,"Wow, there's a Denny's in Vegas you can actually get married in.",0
280,280.0,"I guess he wants to do a little dance, you know, make a little love. Well pretty much get down to that.",1
281,281.0,You have to stop the Q-Tip when there is resistance,1
282,282.0,"Joey if I go first, I want to be looking for my keys",1
283,283.0,Yes yes it is! In Prison!!,1
284,284.0,"Uh, so how many cameras are actually on you.",1
285,285.0,But younger than some buildings!,1
286,286.0,"And then and then you clicked it again, she's dressed. She is a business woman, she is walking down the street and oh oh oh she's naked.",0
287,287.0,Oh no donÕt go. I have scared you. I have said too much. I am hopeless and awkward and desperate for love.,0
288,288.0,Sounds like she has got the whole package!,1
289,289.0,Yeah either that or gloria estefan was right eventually the rhythm is going to get you,1
290,290.0,I'd miss you if I broke up with you. Just trying to be supportive.,0
291,291.0,"Oh, uh, no thanks. I just had an M&M.",1
292,292.0,"Okay, but if you are not coming back soon, there is pretty much nothing I can do about it",1
293,293.0,You can't do anything.,0
294,294.0,I'll catch you guys later.,0
295,295.0,Really?,0
296,296.0,"Our balcony? Seriously? That's so funny because I told Monica we should put lights on our balcony. - And she said - ""No no, its too cold, nobody will go out there.""  - I said ""Maybe if we put some lights out there they will"".",1
297,297.0,"Oh my god, you almost gave me a heart attack!",1
298,298.0,Janice? Janice?,1
299,299.0,"I am sorry, it was a one time thing. I was very drunk and it was someone else's subconscious",1
300,300.0,"And sometimes I would want you to steal third, and I'll go like this.",1
301,301.0,Crazy bitch!,1
302,302.0,"Yes, the doctor's say if they remove it, he will die!",1
303,303.0,And I just won a million dollars!,0
304,304.0,You sure he is going to be able to crack that code?,1
305,305.0,"These people find out that a spelling game is going over there, there will be nobody left at our party.",1
306,306.0,"Oh, wait a minute, I have no one.",1
307,307.0,Actually I yesterday I was smoking again. Today I am smoking still.,1
308,308.0,"Oh I do. Oh no, wait a minute, I took it out of my shirt when I put it on this morning.",1
309,309.0,"I thought if I littered, that crying Indian might come by and save us.",1
310,310.0,Huh! Whats dufus speled backwards?,1
311,311.0,"Oh no, now its not gonna make any sense",1
312,312.0,"Nope, that patch is no good.",1
313,313.0,"If that doesn't keep kids in school, what will?",1
314,314.0,"Hey, my father's house does that.",0
315,315.0,Were you so late because you were burying this woman?,1
316,316.0,I am so confused as to what we have been doing so far.,1
317,317.0,A tshirt that says - I don't belong here.,1
318,318.0,"Oh Oh, I am convinced!",1
319,319.0,Oh just like give a minute to wake up for this  ...  Ha ha! You lost the ring. You the worst best man ever!,0
320,320.0,"Pheebs, you may know this, you know strange things. What is the boiling point of brain?",1
321,321.0,And the bunny got away!,1
322,322.0,And you are gonna make them all disappear.,1
323,323.0,"Wow you look just like your son, Mrs. Tribbiani",1
324,324.0,Your makeup?,1
325,325.0,I'm sorry man there is never a good time to have to .. Stop catching on fire.,1
326,326.0,Joey's got a really bad hernia but its nothing that a laser eye surgery wont fix,1
327,327.0,"See now that I see crying over, but Bambi, is a cartoon.",1
328,328.0,"Because his penis was too big. I am sorry, thatÕs the kind of thing I do.",0
329,329.0,"Oh hurry up, I want to sign that.",1
330,330.0,"Nice jon Joe, you are quite the craftsman!",1
331,331.0,Well thank God your livelihood doesn't depend on it.,1
332,332.0,Oh I left them in my bulldozer .. I don't have tools!,1
333,333.0,"We were wondering what was taking so long with the gift, but now we understand you were doing this.",1
334,334.0,Oh tons. I am quite the woodsman.,1
335,335.0,If only there was something in your head to control the things you say.,1
336,336.0,"Well yes Ross, pressing my third nipple opens the delivery entrance to the magical land of Narnia.",1
337,337.0,"I am sorry, we donÕt have your sheep.",1
338,338.0,"No, rabies.",1
339,339.0,Was that place the sun?,1
340,340.0,Maybe he was nervous.,1
341,341.0,"No you are not Chandler, we still love you Chandler",1
342,342.0,We got a box.,0
343,343.0,I was saying the actual words,1
344,344.0,His legs flail about as if independent from his body,0
345,345.0,"Yes you can. You're thinking about time, you can't go back in time.",0
346,346.0,Did I wake you?,1
347,347.0,Great! Now we can do laundry all night. All night laundry!,1
348,348.0,"ThatÕs a good one too Pheebs, now all that I have to do is find a plane load of people whose resolution is to plummet to their deaths",1
349,349.0,"You know some might find it amusing, I myself find it regular.",1
350,350.0,"And Hornswoggle? What? Are you dating a character from ""Fraggle Rock""? Ahh.",1
351,351.0,"Joey ate my last stick of gum, so I killed him. Do you think that was wrong?",1
352,352.0,It was an accident. Not like I was across the street with a telescope and a box of donuts.,1
353,353.0,"Hey, that's Joincidence with a C",1
354,354.0,"The Jamestown colony of Virginia. You see King George is giving us the land, so.",1
355,355.0,"Dear god, this parachute is a knapsack",1
356,356.0,"Oh yeah ok, including the waffles last week, you now owe me, seventeen zillion dollars.",1
357,357.0,"No, no, I am just looking for a man to draw on me with chalk.",1
358,358.0,"I am telling you, when she leaned back, I could see her brain",1
359,359.0,Me? I am gonna die alone!,1
360,360.0,Spanish midgets wrestling Julie! Okay yes I see how they got there.,1
361,361.0,"Well, it will probably slow me down at first. But once I am used to the extra weight, I ll get back on track.",1
362,362.0,"A lonely grey couch. "" O look "" cried Ned. And then the kingdom was his. The End.",0
363,363.0,See Joe that's why your parents told you not to jump on your bed!,0
364,364.0,"I just have to do one thing, really quickly, its not a big thing  ...  GET UP||",1
365,365.0,"No, this is just part of a daredevil game that I play called wait until last moment before I burst and die",1
366,366.0,"Yes, we all know how cruel a parent can be, about the flatness of a child's pillow.",1
367,367.0,I think this is probably why Damone smokes in his cell alone.,1
368,368.0,Oh! Satan's minions at work again?,1
369,369.0,"Maybe it's a contest, you know? Like ""Collect all five"".",1
370,370.0,I guess you would know that or else we would be in a predicament room,1
371,371.0,We can? Ok I am trying that.,1
372,372.0,Oh yeah right. And what would my opening line be? Excuse me,1
373,373.0,Ah you see perfect might be a problem. Had you said co-dependent or self-destructive.,1
374,374.0,That's so funny because you look more like Joey Tribbiani man slash woman.,1
375,375.0,"No, no the actual cartoon character .. Of course the baloon.",1
376,376.0,That monkey has got a Ross on its ass!,1
377,377.0,"Okay, but If he asks, I am not going to lie.",0
378,378.0,"Oh, um, I don't care!",1
379,379.0,"You know once you are inside, you don't have to knock anymore.",1
380,380.0,We think it was trying to spell out monkey.,1
381,381.0,Dee. The sarcastic sister from What's Happening.,1
382,382.0,"Uh, okay. The fifth dentist caved and not they're all recommending Trident?",1
383,383.0,Ah your own brand of vigilante justice.,1
384,384.0,Did you tell her about the magical night that starts with the flush of every toilet?,1
385,385.0,"Oh I see, I thought you just really really liked your new couch.",1
386,386.0,"No its not big, not at all. Kind of the same lines as, I don't know, having a third nipple!",1
387,387.0,Why? You never look down in the shower?  Oh please I am allowed one joke in the monkey is penis genre.,1
388,388.0,And I think my testicles may be in here too,1
389,389.0,"ThatÕs good, just keep rubbing your head. That will turn back time",1
390,390.0,My duties?  All right.,0
391,391.0,Ok!,0
392,392.0,No way!,0
393,393.0,Oh.,0
394,394.0,The whole thing! Can we go?,1
395,395.0,"Great! Okay, here.",0
396,396.0,"Okay, does this look like a garbage can to you?",0
397,397.0,"Oh my God, wh-what happened?",0
398,398.0,"Oh boy, I just can't watch. It's too scary!",1
399,399.0,Yeah it would!,0
400,400.0,No!,0
401,401.0,Really!?,0
402,402.0,: Yeah.,0
403,403.0,What?  Why?,0
404,404.0,Oh! Oop!,0
405,405.0,What a baby.,0
406,406.0,I talk to you and nothin'.,0
407,407.0,Do you still wanna call  'em? I wanna call  'em.,0
408,408.0,"I'm just gonna throw it out, it's probably just a bunch of shampoo and...",0
409,409.0,"So, you're just Bing?",0
410,410.0,"All right, cut, let's pick again, pick again.",0
411,411.0,It's that whole sensitive thing.,0
412,412.0,Yeah. What-what should I do?,0
413,413.0,For what? For letting you throw me out of your office?,1
414,414.0,Like I have nothing better to do!,1
415,415.0,"Oh hey, great, you're up. Rachel, this is my sister Krista. Krista, this is Rachel.",0
416,416.0,"Umm, excuse me, we switched apartments. You can't eat are food anymore, that-that gravy train had ended.",0
417,417.0,"Well, we're trying to find someone to perform our wedding and they're all either boring or annoying or y'know, can't stop staring at the ladies.",0
418,418.0,What?!?!,0
419,419.0,"Ross-Ross, you have no idea what this means to me!",0
420,420.0,What would you give to a kid if he wanted a ticket to play with?,0
421,421.0,"Oh sure, go with the sissy.",1
422,422.0,I mean if you hadn't initiated it I-I-I know I would've.,0
423,423.0,DANGER,0
424,424.0,Yeah! Look!,0
425,425.0,You'd better act surprised.,0
426,426.0,Well what are you gonna do when he finds out he wasn't even asked?!,0
427,427.0,"Okay, you guys, just relax.  I doooo.",0
428,428.0,"Y'know what I mean, like dubbies?",0
429,429.0,"Excellent hole, Joe.",1
430,430.0,"Oh my God!! Ohh, that is it! I'm leaving! You are just a horrible person!",0
431,431.0,"Anyway, they want to take us out Saturday night! What do you say?",0
432,432.0,Thank you.,0
433,433.0,"Take your shirt off, and let's see what we're dealing with here.  What are you doing?",0
434,434.0,I studied for a year in Barcelona.,0
435,435.0,Just tell me how.,1
436,436.0,"I really, really enjoyed it. Very exotic.",1
437,437.0,"When? Today? Some, not a lot.",0
438,438.0,"The big deal is I don't want naked, greasy strangers in my apartment when I want to kick back with a puzzle,beer! Cold beer.",0
439,439.0,We- we had our first fight this morning.,0
440,440.0,Nobody sees the king!,0
441,441.0,Yeah.,0
442,442.0,It's not a real game! I made it up!,0
443,443.0,I'm never gonna get to meet her anyway.,0
444,444.0,"All right, let's do it.",0
445,445.0,"Y'know you, you just stop being such a wuss and get those off and you come with us and watch naked girls dance around!!",0
446,446.0,"Yeah, a slice of cheesecake and-and a date if you're given'  'em out.",0
447,447.0,It's not funny!,0
448,448.0,"Are you kidding? I love that guy!  Morning's here! Morning is here,",0
449,449.0,"Stating the obvious, but thank you. And it's not weird is it.",1
450,450.0,"Yeah, I don't think so Joe.",0
451,451.0,"Yeah, I'm fine.",0
452,452.0,"It's white plastic, with a handle, and it fits onto a stroller.",0
453,453.0,"So to sum up, I'm Professor Geller.",0
454,454.0,"When they're hungry enough, they'll come in.",0
455,455.0,"Well, don't  'cha wanna?",0
456,456.0,"Well, I believe the piece of furniture was fine until your little breakfast adventure with Angela Delvecchio",0
457,457.0,What-wh-what so we'll just stay married forever?,1
458,458.0,"I don't know, something girlie.",0
459,459.0,What's going on?!  That's what's going on!!,0
460,460.0,Weā€™re not peeking?,0
461,461.0,"Well, y'know I'm 29. I mean who needs a savings account.",1
462,462.0,Why? Because she can sing and play guitar and do both at the same time?,1
463,463.0,Thank you.,0
464,464.0,Cover yourself up!,0
465,465.0,Ohhh!!!!,0
466,466.0,"Wait, wait, Chandler, this is what you're havin' for Thanksgiving dinner?",0
467,467.0,I don't think so. Hello?  When you get in there,0
468,468.0,You had no relationship!!,0
469,469.0,It was like months ago.,0
470,470.0,I can show you an ID if you want?,1
471,471.0,"I do not always have to be,okay, okay.",0
472,472.0,Wow! Imagine what our kids would look like!,0
473,473.0,"I'd love to show ya, but I just tucked her in.",0
474,474.0,I can't believe it.  Can I tell you something? I'm a little mad at him now.,0
475,475.0,"So, I'm sorry I just don't think we should go away together yet.",0
476,476.0,And protected them from a tornado?,1
477,477.0,When are you coming home?,0
478,478.0,"See, there you go, the cleansing works!",0
479,479.0,"Ow, ow, ow, ow, leg cramp, leg cramp, leg cramp.",0
480,480.0,"Oh yeah. First off all, chasing the Churo guy isn't jogging.",0
481,481.0,"Well, I'd gotten Judy pregnant. I still don't know how that happened.",1
482,482.0,Was it not pain-free?,1
483,483.0,No!,0
484,484.0,"Oh, you say someone's name enough, they turn around.",1
485,485.0,"And it came out, ""Squatternut buash?""",0
486,486.0,"I didn't know you and Carol were getting divorced, I'm sorry.",0
487,487.0,"Uh, listen, I need that broiling pan that Joey borrowed the other day.",0
488,488.0,"Me too! There's a game on Tuesday, do you wanna go?",0
489,489.0,Uh-huh!,0
490,490.0,"And, uh, I don't know if you got any of that, but I would really like a copy of the tape.",0
491,491.0,"Oh, no, no. I just meant hypothetically.",0
492,492.0,"Well, I like it. Here you go.",0
493,493.0,"Whoa, whoa, whoa.",0
494,494.0,Okay?,0
495,495.0,"You and I, we're interfacing.",0
496,496.0,"Alright, I'm gonna go pick up a few things for the trip.",0
497,497.0,So now I have to go so he'll think that I'm totally ok with seeing him!,1
498,498.0,And did he?,0
499,499.0,You're gonna have to tell me how you did that.,0
500,500.0,All right.,0
501,501.0,No,0
502,502.0,"I mean, you and I we're just, y'know, we're nothing, we're goofin' around.",1
503,503.0,"Uh-huh, well! But umm, still I'm-I'm mad at you.",0
504,504.0,"Okay, are you aware unagi  is an eel?",1
505,505.0,Paper cut!,0
506,506.0,"Just a sec, give me a minute to wake up for this,Ah-ha-ha!!",0
507,507.0,"Uh, Rachel's here, so good luck man, let me know how it works out.",1
508,508.0,"All right, okay, well, apparently not!",1
509,509.0,"That's easy for you to say, you weren't almost just killed.",1
510,510.0,I don't think you could ever do that.,0
511,511.0,"Yes, I know, but her friend sounds like such a...",0
512,512.0,Chandler?,0
513,513.0,"Uh, I'm gonna kill myself!",0
514,514.0,"Thanks, but I kinda have a problem to deal with here.",0
515,515.0,Yeah!,0
516,516.0,Hey! It's starting to snow.,0
517,517.0,"Look, please, please don't go anywhere, okay?",0
518,518.0,"He's right, even if it's to say something complementary.",0
519,519.0,"Hey, does somebody wanna hand me one of those tiles.",0
520,520.0,"Chloe, switch with me, there's some guys here that got a crush on you.",0
521,521.0,I'm the supply manager.,0
522,522.0,What did you want to show us? Because all I can see is this bitchin van,0
523,523.0,You still love me?,0
524,524.0,No! I'm so happy for them!,0
525,525.0,"Look I never should have kissed your girlfriend, but I'm",0
526,526.0,Lovely,1
527,527.0,"Well ah, I've been doing a lot of thinking, and I look at my life",0
528,528.0,I'm the ruptured spleen.,0
529,529.0,Why?,0
530,530.0,"Oh-oh, that's a risky little game!",0
531,531.0,"Oh, come on!",0
532,532.0,"Cause all I ever get to do now is pregnant stuff, it just bums me out.",0
533,533.0,Hey.,0
534,534.0,"This-this, no, oh no, no-no-no, this is not,that's-that's not what it is.",0
535,535.0,"Whoa, maybe I was!",0
536,536.0,"Yeah okay, I was just talking to the guys. Just look at them I mean, is it okay if they come visit?",1
537,537.0,"Well, umm, my Mom's friend, Phoebe, is actually my birth Mom.",0
538,538.0,"Anyway, I should go, one of the lifeguards was just about to dismantle a nuclear device.",0
539,539.0,"Okay, Janice. Janice. You gotta give me Janice. That wasn't about being picky.",0
540,540.0,That oughta do it.,0
541,541.0,Hey.,0
542,542.0,All right I'll have one.,1
543,543.0,"Ross umm, there's something that I've got to tell you, there's-there's someone else.",0
544,544.0,"Yeah, I mean, it would be rude to them for us to leave now.",1
545,545.0,"Twenty-one hours, you're a hero.",0
546,546.0,"No, I know, but I,he just went on.",0
547,547.0,"Okay, now much have you won so far?",0
548,548.0,It's my friends.,0
549,549.0,No!! You have been screwing us all day!,0
550,550.0,"I did not mean to touch that,I mean",0
551,551.0,I'm supposed to teach a graduate seminar there in ten minutes.,0
552,552.0,I was thkinking about maybe going into the Robot.,0
553,553.0,Oh well. It probably would've been the most constructive solution.,0
554,554.0,"Nothing. It's just old and dingy, that's all.",0
555,555.0,Yeah?,0
556,556.0,Uh-huh!,0
557,557.0,The end.,0
558,558.0,"Ah, oh, hang on a second. Come in, come in. All right, so think about it, and call me back.",0
559,559.0,Pheebs?,0
560,560.0,"Yeah. Yeah, that's what you need a good .. pill.",1
561,561.0,Hey!,0
562,562.0,"Can't do it, can you?",0
563,563.0,"Yeah, she's fired.",0
564,564.0,"Nope. Op, wait! There he goes.",0
565,565.0,"Hey, do you know a six-letter word for red?",0
566,566.0,Okay?,0
567,567.0,I know but it's so hard! Nothing rhymes with your stupid name!,0
568,568.0,Take a couple deep breaths.,0
569,569.0,"No no, you don't have to fly back, really.",0
570,570.0,What?,0
571,571.0,Okay?,0
572,572.0,"Hi, Joey. Well well, look what you brought. Very nice.",0
573,573.0,What was that?!,0
574,574.0,Yeah?,0
575,575.0,"On the other hand in um, in about seven months you're gonna have something that you're gonna love more than any guy you've ever gone out with.",0
576,576.0,That is the coast guard!,0
577,577.0,"Ah well, this is the living room.",0
578,578.0,"Oh, hey, look, I found coffee! Okay, let's skedaddle.",0
579,579.0,"I wasn't by myself. I had a doctor, a nurse, and a helper guy. So, did you see who won the game?",0
580,580.0,I just called a friend of mine.,0
581,581.0,"Even if people are on it!""",1
582,582.0,I-I'm really sorry. It's just that I,0
583,583.0,"Yeah well that's because uh .. I stayed in my room. Yeah, you don't want to look in my hamper.",0
584,584.0,"I guess you'd know that, being one of the two of us, though, right?",1
585,585.0,Some guy bought it. I'm sorry. I tired to stop it but they put me in jail!,0
586,586.0,"Almost! But first, we gotta start.",1
587,587.0,You building a post office?,1
588,588.0,Stick to the list.,0
589,589.0,Uh yes! Thank you.,1
590,590.0,And then for forgetting to invite you to it.,0
591,591.0,"So Ross, how umm, how did it go with Bonnie?",0
592,592.0,What are you up too?,0
593,593.0,Yes it is.,0
594,594.0,So how'd it go?,0
595,595.0,What is the matter with your face?!,0
596,596.0,It would be nice to have a little guarantee though.,1
597,597.0,Then we went to this bar and he hooked us up with all these women!,0
598,598.0,I've never loved anybody as much as I love you.,0
599,599.0,"No just, nobody press on my stomach.",0
600,600.0,"Umm, would you please excuse me for a moment?",0
601,601.0,No.,0
602,602.0,Am I out of control?,0
603,603.0,If you wanna put a label on it.,1
604,604.0,But I'm the host!,0
605,605.0,I can see it from right here. It'll cost you one husband.,1
606,606.0,"Nooo! No, that's not true. No, best time ever! Yeah, you rocked my world!",1
607,607.0,"Seriously, it's moving!",0
608,608.0,"Carol called me to thank me for the lasagna, I asked, she told me.",0
609,609.0,"Look now, Phoebe remember, hey, their just fulfilling their Christmas....",0
610,610.0,"No, no, no, it's flattery.",0
611,611.0,"Yeah, she couldn't live without the Chan Love.",0
612,612.0,No Blanche she is upset because they keep changing the taste of coke.,1
613,613.0,"No Rose, she is depressed because Marvel had manners on only once a week",1
614,614.0,"No Rose, I am nervous because Sonny Bono gets elected mayor of Palm Springs, he is gonna make all the postmens wear leather bell bottoms and a fur vest.",1
615,615.0,"Oh yes Blanche, about a half hour ago. But now I have hidden her again so you can find her.",1
616,616.0,"I don't know Rose, maybe Marry Poppins has an Italian cousin.",1
617,617.0,On the home shopping network,1
618,618.0,No I am upset because crocodin turbs are wearing darker colors.,1
619,619.0,The liberarche marquee at Caesar's palace,1
620,620.0,"No, she is going to sit here where itÕs a 112 degrees and eat enchiladas.",1
621,621.0,"No, its because I cannot make any sense of those commercials for obsession.",1
622,622.0,"No, I am depressed becaues Phillis George left the morning news.",1
623,623.0,"No Blanche, with a venus fly trap",1
624,624.0,"No Rose, go to the corner and open a stand",1
625,625.0,Lords of Arabia,1
626,626.0,No I am worried she might be Phir Resuda's,1
627,627.0,"Oh ma no, it was a little girl selling girl scout toilets.",1
628,628.0,"No, I haven't taken her out of the trunk of the car yet.",1
629,629.0,"Rose, you should sit here and watch her hack herself to death",1
630,630.0,"Ofcourse no Ma, I am referring to Carrey Grant, he is living in the broom closet.",1
631,631.0,"How about stopping by new years eve with three naked women, throwing up in the pool, passing out in the punch bowl, and relieving yourself in the linen closet?",0
632,632.0,"No Rose, at a pie eating contest.",1
633,633.0,To feed the cat Rose.,1
634,634.0,Show them your slides of Hawaii,1
635,635.0,No I am upset because Joe Piscapo didn't get the lead role in rain man.,1
636,636.0,A bucket of chicked. I hope you like it extra flat and crispy,1
637,637.0,It's a musical Rose,1
638,638.0,I'm worried about whether Michael Jackson will be able to buy the remains of the elephant man.,1
639,639.0,His cappucino maker.,1
640,640.0,"No, she I supset because Jimmy Swaager can't cover his motel bill",1
641,641.0,No itÕs the rose in the kitchen thing.,1
642,642.0,"In what Blanche, dog years?",1
643,643.0,"I'm sorry Sophia, but in Dorothy's defence, it sure sounds a lot like her.",1
644,644.0,Because it wears a little sunbrella Rose.,1
645,645.0,What was I doing? My ben gazara in person?,1
646,646.0,What are these? Claws?,1
647,647.0,"The little man who lives in there, who turns the light on and off will tell you.",1
648,648.0,"No Rose, I am developing pictures from the magellan space probe",1
649,649.0,"No Rose, it stands alone.",1
650,650.0,A hand puppet Rose.,1
651,651.0,"No Rose, that you should do.",1
652,652.0,Amazing.,1
653,653.0,Nooo,1
654,654.0,Well scott I am sure we are all really really looking forward to hear your story.,1
655,655.0,Sarcasm? Noo.,1
656,656.0,"No, no no, I just mediate the gorup. I just give up every Tuesday of my life to help these screwups for the good of my health",1
657,657.0,Really?,1
658,658.0,Sarcasm? At a sarcasmoholics meeting?,1
659,659.0,You got off to a really good start with the group.,1
660,660.0,We thought you were just here for the company. He is a sarcasmoholic Stewart.,1
661,661.0,Noooo. Really?,1
662,662.0,Nooo!,1
663,663.0,Sarcastic? Us? Nooo.,1
664,664.0,And I am sure every person here really really wants you to join our group.,1
665,665.0,Noo..,1
666,666.0,"You said you spent all that money because those boots go with skirts, dresses and pants. What do you plan on wearing? A Chicken suit?",1
667,667.0,"Oh I am sorry, do you need a break?",1
668,668.0,I can see it from right here. It'll cost you one husband.,1
669,669.0,Well why don't you check in one of my saddle bags while I chew on a bale of hay.,1
670,670.0,"Well, I'm a headhunter. I hook up out of work Soviet scientists with rogue third-world nations. Hi Rasputin!",1
671,671.0,"Let me think! Let me think! Oh, I don't care.",1
672,672.0,The British are coming?,1
673,673.0,Oh my God I love that! - Really? - NO!,1
674,674.0,No thanks Josephine!,1
675,675.0,"Oh my god, where are all the men?",0
676,676.0,"This is so good, that I am gonna enjoy it in the balcony. I can enjoy my view, whilst I enjoy my desert.",1
677,677.0,Really? Struck down in the prime of life.,1
678,678.0,"I am not freaking out, why would I be freaking out? A woman named Hildy called and said we will get married, but that happens everyday",1
679,679.0,I was making a coconut phone with a professor.,1
680,680.0,What do you know? Its a treat for the eyes and the ears.,1
681,681.0,I really don't wanna sit with Allen Iverson over there .,0
682,682.0,"Gee, if only she were one and had no idea what a birthday was.",1
683,683.0,"Oh sure, she was probably up all night excited about the party she knows is happening.",1
684,684.0,Are you still enjoying your nap?,1
685,685.0,"Hes not right for the part, and if I suggest him my bosses are going to think I am an idiot. And thatÕs something they should learn on their own.",1
686,686.0,"Oh yeah he has a caretaker his older brother, Ernie. You can't make this stuff up!",0
687,687.0,Is it me or the greetings gone downhill around here?,1
688,688.0,"You are right, by saying nice, I am virtually licking her.",1
689,689.0,"Yes and we are ""very"" excited about it.",1
690,,It's just a privilege to look at your mind at work.,1
691,,I don't think I can stop thinking about it.,1
692,,"Since it's not bee season, you can have my epinephrine.",0
693,,"Lois Lane is falling, accelerating at an initial rate of 32 feet per second. Superman bows to save her by reaching two steel arms. Miss Lane, who now travels at about 120 miles per hour, hits them and is immediately cut into three equal pieces.",0
694,,I'm just injecting that it's a couch because the evidence suggests that the coffee table has a small garage sale.,1
695,,"Sheldon, if you were a robot, I knew it and you didn't...",0
696,,"If you compile a CD for a double suicide, I hope it's for you.",1
697,,"No, the dark patterns growing under your arms hide it well.",1
698,,"What a chance for you that the university ""has chosen to hire you, despite the fact that you have not done an original research in 25 years, and rather wrote a series of popular books ""that reduce the great concepts of science"" to a series of anecdotes, ""everyone has had fun to accommodate the duration ""of an average intestinal movement.",1
699,,My parents thought that naming me Leonard and putting me in advanced placement didn't make me beat enough.,1
700,,"Of course, cut the stranger in half, there's a billion more where he comes from.",1
701,,"Leonard, may I introduce you, live from New Delhi, Dr. and Mrs. V. M. Koothrappali.",0
702,,"I'm sorry, too, but there's no room for you in my wallet.",1
703,,"In the meantime, listen to this.",0
704,,This woman looks exactly like the pictures of Princess Panchali in the book. How many times do you see a beloved fictional character materialize?,0
705,,Not to mention the fact that you'd have to turn off on Saturdays.,0
706,,"There's always the possibility that a trash can will spontaneously form around the letter, but Occam's razor suggests that someone threw it out.",1
707,,"Technically, yes, but if you notice it, it's reversible!",0
708,,Just the last copy of Particle Physics applied quarterly.,1
709,,"Oh, you know, it's so weird that yours came and mine didn't.",1
710,,You think Penny's coming to take care of us?,0
711,,"No, after my tongue swollen to the size of a chest!",1
712,,"What else? Selling on eBay as ""slightly used.""",0
713,,"And if the moment feels good, see if you can do it.",1
714,,"Notify the editors of Oxford English Dictionary. The word ""plenty"" has been redefined to mean ""two"".",1
715,,The only way for her to contribute to science would be to resume sending chimpanzees into space.,1
716,,I think tonight was a very good start.,0
717,,"I'm sorry, I'm not going back to the Renaissance fair.",0
718,,Like everyone at the table.,0
719,,"If I want a new pen, I have to go to the bank with wire cutters.",1
720,,"Maybe when I publish it, I'll add an inhaler.",1
721,,"I don't know, he just died, I've got a lot of static stuff.",0
722,,"Unfortunately, Mrs. Giselle Wolowitz is sensitive to chlorine.",1
723,,The most important thing is that no one touches the food on my plate.,0
724,,On a dusty highway outside Bakersfield.,1
725,,Maybe they can carpool when they visit you in federal jail.,1
726,,"I discreetly slipped out of the other earring, put it in my pocket and I got out of there!",0
727,,The blunt instrument that will be at the center of my murder trial?,1
728,,Would it work if I hit you in the face?,0
729,,Answering the question once and for all why Wolowitz came out of medical school.,0
730,,My aunt Marion gave them to me for my 12th birthday.,0
731,,"You were right, your larynx is terribly inflamed, I've never seen anything like it.",1
732,,"""Dave."" Looks like Leonard's got a new BFF.",1
733,,"If you don't like this thing, let's go next door and build him a bear.",1
734,,- Maybe I didn't hear you.,1
735,,Lie down on the floor and swim over there.,1
736,,I hope to be a waitress at the Cheesecake plant for my whole life.,1
737,,"When I didn't pay my bill, the Ministry of Water and Energy thought I'd appreciate the atmosphere.",1
738,,Tell them more about their secret love for each other.,0
739,,"It makes you feel more alive, doesn't it?",1
740,,"Assuming I can keep up with that, three hours, 11 minutes, plus how long it takes to finish this rather useless conversation.",1
741,,"Excuse me, but what about me?",0
742,,"Do cocaine smugglers write ""cocaine"" on the box?",1
743,,Thank you so much for giving me the opportunity to help.,0
744,,You know it can go on all night.,0
745,,Hope he's already read and familiar with the recovery of the multiverse DC.,0
746,,"You think ""coffee"" is coffee, it's so cute.",1
747,,"You don't really believe in this superstition, do you?",0
748,,"What if I change my name and live with my cousin and her husband, Avi, in Israel?",1
749,,Barely a day passes when I don't think about it.,1
750,,"Of course, maybe a picture of me trying to suck you to death.",1
751,,"Great, it's just... I don't think Penny wants me to go.",0
752,,What did you mean when you said you'd miss me?,0
753,,"Oh, a big conversation about a man who was ripped off by a chicken.",1
754,,"No, I mean, we can always come back to being friends.",0
755,,"It's an iCal download, she can put it in her phone.",1
756,,"You know, I always wanted to go to a Goth nightclub.",1
757,,"No, I'm late for reading Wiki.",0
758,,- I don't want chocolate!,0
759,,"Oh, you know, Goth stuff, Goth magazines, Goth music.",0
760,,"Obviously, the waitress at Cheese Cake Factory is a complex socio-economic activity that requires a lot of analysis and planning.",1
761,,When I get enough to destroy all the human toasts on the Battlestar known as Galactica.,1
762,,Looks like there's a lot of trouble having sex.,0
763,,"But if she throws you away, she'll have a new boyfriend by tomorrow morning and you'll have a new girlfriend when you figure out how to build one.",1
764,,"Not a big movie, but watch this beautiful desert.",0
765,,"It was so good, sweet and fleshy at the same time.",0
766,,"I'm sorry, playing with you in the bathtub is a real class number.",1
767,,"No, I mean Princess Leia, of course Bernadette, she's a wonderful girl and she loves you very much.",1
768,,"And while we're at it, why don't you put your hands behind your back, have an old-fashioned food contest?",1
769,,Leonard's work is almost as amazing as third-year students who grow lima grains in wet paper towels.,1
770,,"Okay, I have a bone to choose with you.",0
771,,"Raj, you should have seen Leonard's experience.",0
772,,"I was going to ask Leonard to do it, but he seemed a little emotionally unstable and you don't want someone like him to operate heavy machines.",0
773,,"We don't need to talk about it anymore, Leonard covered it pretty well in the car.",1
774,,Don't you think looking for a new city where to live is a little exaggerated?,0
775,,"I understand your point of view, but with a choice, Jews always go with Chinese food.",1
776,,"Well, I always thought it was to study us, discover our weaknesses, and report to your alien lords.",1
777,,Why don't you keep these things in the bathroom?,0
778,,"Oh, no, no, I said I'd invite you to come with me to Stan Lee's.",0
779,,Is there a new girlfriend in there?,1
780,,I'm so glad you asked like that.,1
781,,Perhaps something vaguely related to life as we know it on this planet?,1
782,,"Excuse me, I'm thirsty, so I'm gonna go to the refrigerator and get me a refreshing drink.",0
783,,"I've read an online study that works after a meal not only helps digestion, but increases serotonin, and you know me, if there's one thing I like more than a refreshing drink, it's serotonin.",0
784,,"So what, you're just going up and down the stairs?",0
785,,"That's very nice, but I'm gonna finish my coffee first.",0
786,,"In 1917, when Albert Einstein established the theoretical foundation for laser in his paper <i>""Zur Quantentheorie der</i> <i>Strahlung,""</i> his most sincere hope was that the resulting device was bitchy.",1
787,,"A lot of people are working on this research, so what is it?",1
788,,It's the kind of thing that makes it difficult to face him now.,0
789,,He can buy his own office.,0
790,,Is Bernadette talking about me?,0
791,,"He does it all the time, it's a cornucopia of social malfeasance.",0
792,,I just want to ask you a few questions about Howard Wolowitz.,0
793,,"Actually, our rules are synchronized, Penny, Bernadette told me you were planning a girls' party.",0
794,,"...so anyway, to make a long story short, it turns out that I have an exceptionally firm cervix.",0
795,,"Bernadette dared to tell me a dirty story. Chaucer's ""The Miller's Tale"" is the filthiest story I know. It would have been hidden in sock drawers had the people of the 14th century worn socks.",0
796,,Is it possible she's leaving for your cheek and you're moving and she accidentally had a lip?,0
797,,I'm glad you finally got yourself a guard.,0
798,,"Oh, and scientists want to talk about science with you.",1
799,,"In the rooms of ten-year-old girls, where they belong.",1
800,,"I don't know, someone bigger and... of course, why don't you?",1
801,,"Obviously, we are no longer a League of Justice. We have no choice but to move on to our Muppet baby costumes.",0
802,,"I understand, your loyalty is admirable, but if I were at the front?",0
803,,"Of course. I'd like to raise two points. Number one, I think they <i>are talking about penis. And number two, these mimosas are kicking my little brown ass.",0
804,,Maybe we're starting to zero on your problem.,1
805,,You taught me something.,1
806,,"Where are you going, Jack's drive-thru in the box?",1
807,,"Yeah, but you were asleep, because I didn't allow you to sleep.",0
808,,"Today, I went to Van Nuys for an audition that I thought was for a cat food ad.",1
809,,Is it fun for you to watch Hofstadter suck the saliva from your sister's mouth?,1
810,,"Yeah, it's a good time to be alive, isn't it?",1
811,,"I'm not saying you're not funny, but that you're the funniest person I know.",0
812,,"Saying that while holding a snowflake is a little heavy, don't you think?",1
813,,"Sorry, did Sheldon buy a job and learn how to weave?",0
814,,And I don't have a problem with Leonard's new girlfriend who's wearing too much makeup.,1
815,,"Yeah, I'd like a seven-day penicillin class, an ipeca syrup... to cause vomiting... and a mint.",1
816,,"He drank from Leonard's glass. ""He drank from Leonard's glass"" - the words they're going to burn in my gravestone.",1
817,,"Okay, okay, as Jewish mothers approach their sons in a casual way, the di-da.",1
818,,I scratched tequila and maybe swallowed a little.,0
819,,It's an event that looks like a heart attack.,1
820,,Your girlfriend and your ex-girlfriend hang out?,1
821,,"I would like to answer that sarcasticly: Yes, I am delighted with the thought of a stranger who covers my body with oil and rubs it.",1
822,,"Congratulations and welcome on board temporarily. Here's your ID card, key and pin.",1
823,,"Of course, you're a cute pie, any girl would be lucky to have you!",0
824,,"Oh, I could see you being the face of hemorrhoids.",1
825,,"Technically, it's not a dinner date, but if that were the case, you'd open up to peer ridicule, like, ""Hey, Leonard, how was your dinner with Priya last night?""",0
826,,"When you're done feeling, it's on my wrist.",1
827,,"Because you don't have a girlfriend? Well, for God's sake, if this becomes a reason not to play Dungeons & Dragons, this game is in serious difficulty.",0
828,,Here's more fun news on the Raj/Emily front. He gave him a pair of diamond earrings and rented him a car.,0
829,,Whisper so the deaf can't hear you.,1
830,,"You just got off the list, you want to go back, it's gonna take a while, it's on a five-inch, quarter-inch floppy disk.",1
831,,"You see betrayal in others, but not yourself.",1
832,,"I don't know what I'm gonna do, I don't want to break up with this.",0
833,,"Frankly, Mom, I'm encouraged to see how advanced your group has become, ready to sail in the ocean without fear of falling off the board.",1
834,,"We don't say that either, I'll make you a list.",0
835,,"So, this spring, I'm going to the International Space Station.",0
836,,"No, I'm just allergic to people getting Nobel prizes for no good reason.",1
837,,"Yes, there is nothing quite like slightly enlarged eyes slightly surprised.",1
838,,You got a trombone thing right here.,0
839,,"Oh, my God, that's where I know you.",1
840,,Was that a trick?,0
841,,"If you don't mind looking like an orange cone, great.",1
842,,"He said horrible things about each other in public... on the whole, a pretty magical night.",1
843,,"She's very interesting, you knew, at 14, that she cut the canvas between her own toes?",1
844,,"You know, the holidays are just around the corner, maybe he wants to see if he can accommodate the other testicle up there.",1
845,,It's too bad we could have spent the night before the year waiting for the ball to fall.,1
846,,You want to see what all scientists wear this year.,1
847,,You think a winner could make a good cup of cocoa.,1
848,,"No, his news seemed important, but what you're forgetting was a success in biology.",1
849,,"No, but maybe she wants a man with a pocket watch.",0
850,,Have you ever tried sleeping with you?,0
851,,"Well, that wady took pictures of my bazaar for Cwaigswist.",0
852,,You mean for a person whose neck massages feel like an eagle is trying to take you to his nest?,1
853,,"The other astronauts would love to go through space with a guy named ""Crash"".",1
854,,"Maybe it's because I'm not being challenged, that's the same reason Einstein failed.",0
855,,"I hope your hands are stable, it's the width of a single hair, but it's just biology, so I'm sure it's not a problem for a genius like you.",1
856,,She's lucky we let her hang out with us.,0
857,,"I'm sorry, it's the bad boy's attitude that comes with that hair.",0
858,,"And instead of living in your mother's house, you could live inside her body.",1
859,,I told him I'm addicted to pedicures and he told me he lost his virginity to his cousin.,0
860,,"We made gift bags, we drank wine, and then we went to see it online.",1
861,,"Look, if you don't mind, I'm not really ready to chat, I'm just gonna sit here quietly and let my life flash in front of my eyes.",0
862,,"If you weren't busy, I'd ask you to join us.",1
863,,I'm talking to a man in space. If you don't have the (static walkie-talkie) then he might as well be at Coffee Bean on Lake Street.,0
864,,I'm starting to get an idea.,1
865,,"If that's all you need, it's a good thing you don't have a dog.",1
866,,"Of course, it's... it's on the news and it's a very famous boson.",0
867,,I didn't know they gave Nobel prizes for booming in the pot.,1
868,,"The original title was ""A Rederivation of Maxwell's Equations About Electromagnetism"""" I stunned him because some of the most religious in the city were beginning to say that I was a witch.",0
869,,We were involved in a five-year experience.,0
870,,My limbic system wants to take off your pants.,0
871,,"Okay, NASA's website says Howard's final downhill has begun.",0
872,,"Yeah, well, Bernadette's a little under time and my mom's a little under my dentist.",0
873,,"Cowboys don't do what we do for glory and glory, we leave it to your rock stars, your athletes and your Howie Mandels.",0
874,,Sounds a little funny for an American ear.,0
875,,"""For Stuart, your comic book shop is out of this world, just like the guy in this picture was.""",0
876,,"You're right, the party is fantastic, please, say more, I haven't heard enough about it all week because hearing about it never gets older!",1
877,,"Amy, I can't ask Wil Wheaton to leave.",0
878,,"Yes, I was the only person who could cheer him up.",0
879,,That was five weeks ago.,0
880,,"Anyway, until now, I still don't see a box of pencils without crossing my legs.",0
881,,"Exactly what half an hour ago, it's like you're not even trying to get better.",1
882,,The guy from the liquor store said it tastes good in the coffee.,0
883,,"Come on, let's start walking, there must be a gas station or something nearby.",0
884,,Why don't you ask Scotty to teleport?,1
885,,"No, just me, her and some big wigs, that's part of a bonus she got.",0
886,,"What, did he use a forklift?",1
887,,"Like Burt and Ernie, you teach me things about words and numbers.",1
888,,"Trust me, you're not Jewish.",0
889,,"Actually, there's no place I'd rather be than here.",1
890,,"And I'm cool with surprises, but nothing on a Jumbotron, I don't want to cry on a big screen like that.",0
891,,We could go to Red Lobster and talk about it.,0
892,,"Go out with me on a date, and I promise you'll see.",0
893,,"And then I'm going to invent my own oral hygiene rules, instead of running, I'm going to rub pudding on my gums, I'm going to take the SyFy chain number and give them what to do.",1
894,,"Oh, I think we were looking freaky in the mirror when I put that camera on.",0
895,,Thanks for the burrito and pork crusts and the 20-minute conference on why monster trucks are better than ordinary trucks.,1
896,,A way used by liars.,0
897,,Because you're on the right track behind a bus and you don't want to go around?,1
898,,"When you told me I'd lose my virginity, I didn't think you wanted to show me <i>Riders from the Lost Ark</i> for the first time.",1
899,,It was very entertaining... despite the problem of brilliant history.,1
900,,How can we not rip off his clothes and take him here on this table?,1
901,,It's not as relieved as I'm about to be.,0
902,,"I'm not gonna bother him, I'm gonna talk to him.",0
903,,"- No, no, no, I'm really good at it.",0
904,,"Because I got a ugly, boring sweater, and my brother got a car?",1
905,,Can we talk about something else?,0
906,,I can't believe we wasted everything on our Hulk costumes.,0
907,,"People usually start a meeting with a joke, but you're going to before-- end up with one.",0
908,,What do you think I was gonna do at home?,0
909,,"I was going to say we're taking a cake or a pie, but an insult to his faith is always thoughtful.",1
910,,"I'll check the fridge, see if there's any clues inside a beer.",1
911,,My beer isn't flat and my rack isn't saggy.,1
912,,"And from these few months, how long have you been a demented sexual pervert?",0
913,,"So, why do you think that's it?",0
914,,"Now that I've abandoned string theory, I'm having trouble finding my next area of interest.",0
915,,"You know, if you're really serious about this, I've heard there are exciting opportunities in home care for old and fat people.",1
916,,And if it turns out you and I wouldn't... you and I could live together.,1
917,,"And while we're there, why not get engaged too? Why not have a small house, start a family? Enjoy our years of sunset together? Do you get along, woman?!",1
918,,You'd never hear him talk like that to Sauvignon Blanc.,1
919,,"I'm with him three years, nothing, she's with two minutes, and he takes off his pants.",0
920,,I'll give you a plan right away. Step one: open comic book store. Step two: start saying that this comic book shop gives you genital warts.,0
921,,"On the bright side, this Oxford study was right, a friend down, I wonder who you're gonna lose next.",1
922,,That's how I care about buying a comic book shop.,0
923,,"Look, Emily, what happened between me and Raj was a long time ago.",0
924,,"It's true, you're both beautiful, you're saying something about the man who could sleep you both.",0
925,,I don't need a reason... this is my house.,0
926,,"When you met Bernadette, the field of robotics really took a hit.",1
927,,Let's not talk about this in front of our friends.,0
928,,Maybe it's a good thing we came here.,1
929,,"Like all of us, get out of a car without underwear.",1
930,,"Because no one wants to see Neil deGrasse Tyson in a wet T-shirt, folded on the hood of a Porsche.",0
931,,"Wow, he really went where no man's been before.",0
932,,"Maybe he's a mole, but in any case, it's pretty cool.",0
933,,"Apparently, someone was very flirting by not wearing his engagement ring, which led someone to come here thinking that the first someone might be available.",1
934,,I assumed he was in the corner of a barn somewhere.,1
935,,"Next time I'm in a hurry, it's good to have some at the bank.",0
936,,"I'm listening to you snoring, I wonder how I'll sleep without it.",1
937,,"There's probably a new one, finish your breakfast, there's a whole section of my dashboard that doesn't have syrup on it.",0
938,,"And here I am in the trap, you keep talking, I'm gonna rip my leg out.",1
939,,"And I love that I work and clean up, and you're okay with that.",1
940,,"You always risk getting infected, a blood clot, the possibility that an incompetent surgeon will let a spider lay eggs in your nose.",0
941,,"I love that you're proud of your look, even when I have to pee in the morning, and you spend an hour on your hair.",1
942,,I love that you're too good to pee in the kitchen sink.,1
943,,"So, as they say, all good things must end.",0
944,,Professor Abbott's family don't want it?,0
945,,I suppose the sad truth is that not everyone will accomplish something great. Some of us may just have to find meaning in the small moments that make up life.,0
946,,"It was almost on the subject, I'll say, ""Good work, Sheldon.""",1
947,,Are you sure an idiot like me can handle something as complicated as a blanket?,1
948,,"No, you're right, we should do what you're doing, that our mother sends us Walmart pants to Houston.",1
949,,Is that why you had to take her to Office Depot last night?,0
950,,"As you may know, I experienced high levels of anxiety, and I thought, what better way to increase my discomfort than to submit to a tasteless crotch conversation evening?",0
951,,"And how hard is it to do when she's swollen, squeaky and cramped?",0
952,,"I, uh, created other user accounts to be able to post positive comments on their paper.",0
953,,The answer is in this puzzle box. Let's see if you can open it.,1
954,,"No, Stuart chose these pillows to throw on his own.",1
955,,"Not much, but he seemed to be in a good place.",0
956,,"I don't know, maybe someone took him out of the carousel by mistake?",0
957,,That's why I'm saying we should keep the champagne on ice.,1
958,,"Yeah, it turns out that half a dozen menorahs really give a good mood.",1
959,,"Yeah, we just want to have the kind of dinner we've all had here so many times before.",0
960,,"Yeah, that's a nice little idea. I'd like to talk to my uncle in Chicago.",1
961,,That's why my people wandered through the desert for 40 years.,1
962,,"All right, Amy's in charge of pricing and being 75.",1
963,,"And if I had a friend, they could have told me.",0
964,,"So shut up, you're here for a grumpy night.",0
965,,Put it in your mouth and put it like a zit.,0
966,,"As soon as she enters California's airspace, I will feel a disturbance in the Force.",1
967,,"I heard Bernadette tell Howard she's making him a meat loaf, and you don't have to ask me twice.",0
968,,"Oh, yes, we have the moon and trees and... Elizabeth McNulty, who apparently died when she was the same age as me.",0
969,,"Wow, there's a Denny in Vegas where you can get married.",0
970,,"I guess he wants to do a little dance, make some love.",1
971,,You must stop Q-Tip when there is resistance,1
972,,"Joey, if I go first, I want to get my keys.",1
973,,"Yes, yes, in prison!",1
974,,"Uh, so how many cameras are actually on you.",1
975,,But younger than some buildings!,1
976,,"And then you clicked her again, she's dressed, she's a businesswoman, she walks on the street and oh oh oh she's naked.",0
977,,"I scared you, I said too much, I'm desperate, clumsy and desperate for love.",0
978,,Looks like she's got the whole package!,1
979,,Or that or Gloria estefan was finally right the rhythm will get you,1
980,,I'd miss you if I broke up with you.,0
981,,"No, I just had a M&M.",1
982,,"Okay, but if you don't come back soon, there's practically nothing I can do about it.",1
983,,There's nothing you can do.,0
984,,I'll meet you later.,0
985,,Really?,0
986,,"It's funny because I told Monica we should put lights on our balcony and she said, ""No, it's too cold, no one's going there."" I said, ""Maybe if we put lights there, they're going.""",1
987,,"Oh, my God, you almost had a heart attack!",1
988,,Janice?,1
989,,"I'm sorry, it was only once. I was very drunk and it was someone else's subconscious.",1
990,,"And sometimes I want you to steal the third one, and I'm gonna go like that.",1
991,,Crazy bitch!,1
992,,"Yes, the doctor says if they take him off, he'll die!",1
993,,And I just made a million dollars!,0
994,,Are you sure he'll be able to break that code?,1
995,,"These people find out that a spelling game goes there, there's no one at our party anymore.",1
996,,"Oh, wait a minute, I don't have anyone.",1
997,,"In fact, yesterday I was still smoking, and today I still smoke.",1
998,,"Oh, no, wait a minute, I pulled it out of my shirt when I put it on this morning.",1
999,,"I thought if I was tossed, that crying Indian could come and save us.",1
1000,,What did the dufus say upside down?,1
1001,,"Oh, no, now it won't make any sense.",1
1002,,"No, this patch isn't good.",1
1003,,"If it doesn't keep the kids in school, what will it do?",1
1004,,My dad's house does that.,0
1005,,You were so late because you were burying that woman?,1
1006,,I'm so confused about what we've done so far.,1
1007,,A t-shirt that says I don't belong here.,1
1008,,"Oh, I'm convinced!",1
1009,,Oh just like giving a minute to wake up for this... ha ha! You've lost the ring. You're the worst man of all time!,0
1010,,"Pheebs, you may know, you know strange things.",1
1011,,And the rabbit escaped!,1
1012,,And you're gonna make them all disappear.,1
1013,,"You look like your son, Mrs. Tribbiani.",1
1014,,Your makeup?,1
1015,,I'm sorry man there's never a good time to have to... stop catching the fire.,1
1016,,"Joey has a very bad hernia, but it's nothing that laser eye surgery can't fix.",1
1017,,"See now that I see crying, but Bambi, it's a cartoon.",1
1018,,"Because her penis was too big. I'm sorry, that's the kind of thing I do.",0
1019,,"Hurry up, I want to sign this.",1
1020,,"Jolly Jon Joe, you're the craftsman!",1
1021,,Thank God your livelihood doesn't depend on it.,1
1022,,I left them in my bulldozer. I don't have any tools!,1
1023,,"We were wondering what was taking so long with the gift, but now we understand you're doing this.",1
1024,,"Oh tons, I'm the man of the woods.",1
1025,,If only there was something in your head to control the things you're saying.,1
1026,,"Well, yes, Ross, by pressing my third nipple opens the delivery entrance to Narnia's magical land.",1
1027,,"I'm sorry, we don't have your sheep.",1
1028,,"No, rabies.",1
1029,,Was that the place of the sun?,1
1030,,Maybe he was nervous.,1
1031,,"No, you're not Chandler, we still love Chandler.",1
1032,,We have a box.,0
1033,,I said the real words.,1
1034,,His legs weaken as if they were independent of his body.,0
1035,,"You think about time, you can't come back in time.",0
1036,,Did I wake you?,1
1037,,We can do laundry all night.,1
1038,,"It's a good Pheebs too, now all I have to do is find an airplane load of people whose resolution is to sink into their death.",1
1039,,"You know that some people find it fun, I find it regular myself.",1
1040,,What about Hornswoggle?,1
1041,,"Joey ate my last gum, so I killed him.",1
1042,,"It was an accident, not like I was on the other side of the street with a telescope and a box of donuts.",1
1043,,"Hey, it's C-joining.",1
1044,,"The colony of Jamestown, Virginia, you see King George gives us the land.",1
1045,,"Oh, my God, this parachute is a knapsack.",1
1046,,"Oh yeah, okay, including waffles last week, you now owe me $17 million.",1
1047,,"No, no, I'm just looking for a man to draw on me with chalk.",1
1048,,"I'm telling you, when she leaned, I could see her brain.",1
1049,,I'm going to die alone!,1
1050,,The Spanish dwarfs are fighting Julie!,1
1051,,"Well, it's probably gonna slow me down at first, but once I get used to the extra weight, I'm gonna go back on track.",1
1052,,"A solitaire grey couch. ""O look"" exclaimed Ned. And then the kingdom was his. The end.",0
1053,,"You see Joe, that's why your parents told you not to jump on your bed!",0
1054,,"I just have to do one thing, really fast, it's not a big thing...",1
1055,,"No, it's just a part of a delirium game that I play called waiting until the last moment before I burst and die",1
1056,,"Yes, we all know how cruel a parent can be about the flatness of a child's pillow.",1
1057,,I think that's probably why Damone smokes in her cell alone.,1
1058,,Satan's minions at work again?,1
1059,,"Maybe it's a contest, like ""Collecting the Five.""",1
1060,,"I guess you'd know, otherwise we'd be in a tough room.",1
1061,,That's what I'm trying to do.,1
1062,,And what would be my opening line?,1
1063,,If you had said co-dependent or self-destructive.,1
1064,,It's so funny because you look more like Joey Tribbiani man slash woman.,1
1065,,"No, not the real cartoon character.. Of course the baloon.",1
1066,,That monkey has a Ross on his ass!,1
1067,,"Okay, but if he asks, I'm not gonna lie.",0
1068,,I don't care!,1
1069,,"You know that once you're inside, you don't have to hit anymore.",1
1070,,We think he was trying to spell the monkey.,1
1071,,"Dee, the sarcastic sister of What's Happening.",1
1072,,The fifth dentist collapsed and they don't all recommend Trident?,1
1073,,"Ah, your own watchful justice mark.",1
1074,,Did you tell her about the magic night that starts with the flushing of all the toilets?,1
1075,,I thought you really liked your new couch.,1
1076,,"No, it's not big, not at all. A little the same lines as, I don't know, having a third nipple!",1
1077,,"Don't you ever look in the shower? Oh, please, I get a joke in the monkey is like penis.",1
1078,,And I think my testicles may be here too.,1
1079,,"That's good, keep rubbing your head.",1
1080,,My homework?,0
1081,,It's okay!,0
1082,,"Oh, my God!",0
1083,,"Oh, right.",0
1084,,Can we go?,1
1085,,"All right, here.",0
1086,,Does that look like a trash can to you?,0
1087,,What happened?,0
1088,,"I can't look, it's too scary!",1
1089,,"Yes, that's right!",0
1090,,"Oh, my God!",0
1091,,Really!?,0
1092,,- Yes.,0
1093,,Why?,0
1094,,"Oh, Oops!",0
1095,,What a baby.,0
1096,,I'm talking to you and nothing.,0
1097,,You still want to call them?,0
1098,,"I'm just gonna throw it away, it's probably just a bunch of shampoo and...",0
1099,,"So, you're just Bing?",0
1100,,"All right, coupons, let's choose again, let's choose again.",0
1101,,It's all that sensitive thing.,0
1102,,What do I have to do?,0
1103,,For letting you throw me out of your office?,1
1104,,As if I had nothing better to do!,1
1105,,"Rachel, this is my sister Krista, Krista, this is Rachel.",0
1106,,"Excuse me, we've changed our apartment.",0
1107,,"Well, we're trying to find someone to make our wedding and they're all either boring or boring or you know, can't stop looking at women.",0
1108,,What?!?!,0
1109,,"Ross-Ross, you have no idea what that means to me!",0
1110,,What would you give a child if he wanted a ticket to play with it?,0
1111,,"Of course, go with the sissy.",1
1112,,"I mean, if you hadn't initiated it, I know I would have.",0
1113,,DANGER,0
1114,,Look!,0
1115,,You better be surprised.,0
1116,,What are you going to do when he finds out he wasn't even asked?!,0
1117,,Relax.,0
1118,,"You know what I mean, like dubbies?",0
1119,,"Excellent hole, Joe.",1
1120,,"Oh, my God! Oh, that's it! I'm leaving! You're just a horrible person!",0
1121,,"Anyway, they want us out on Saturday night.",0
1122,,Thank you.,0
1123,,"Take off your shirt, and let's see what we have to do here.",0
1124,,I studied a year in Barcelona.,0
1125,,Just tell me how.,1
1126,,"I really enjoyed it, very exotic.",1
1127,,"A few, not much.",0
1128,,"The important thing is that I don't want strangers naked and fat in my apartment when I want to go back with a puzzle, beer! Cold beer.",0
1129,,We had our first fight this morning.,0
1130,,No one sees the king!,0
1131,,Yes.,0
1132,,It's not a real game!,0
1133,,I'll never meet her anyway.,0
1134,,"All right, let's go.",0
1135,,"You know, you just stop being such a bitch and you take that off and you come with us and you watch naked girls dancing!!",0
1136,,"Yes, a slice of cheese cake and an appointment if we give them to you.",0
1137,,It's not funny!,0
1138,,"I love this guy, it's morning, it's morning.",0
1139,,"It's obvious, but thank you, and it's not weird.",1
1140,,"Yeah, I don't think Joe is.",0
1141,,"Yeah, I'm fine.",0
1142,,"It's white plastic, with a handle, and it adapts to a stroller.",0
1143,,"To sum up, I'm Professor Geller.",0
1144,,"When they're hungry enough, they'll come in.",0
1145,,Don't you want to?,0
1146,,"Well, I think the furniture was fine until your little breakfast adventure with Angela Delvecchio.",0
1147,,What are we just gonna stay married forever?,1
1148,,"I don't know, something girl.",0
1149,,What's going on?! That's what's going on!!,0
1150,,Don't you look?,0
1151,,"Well, you know I'm 29, I mean who needs a savings account.",1
1152,,Because she can sing and play guitar and do both at the same time?,1
1153,,Thank you.,0
1154,,Cover up!,0
1155,,Ohhh!!!!,0
1156,,"Wait, Chandler, is that what you want for Thanksgiving dinner?",0
1157,,I don't think so.,0
1158,,You didn't have a relationship!!,0
1159,,That was months ago.,0
1160,,Can I show you some ID if you want?,1
1161,,"I don't always need to be, okay, okay.",0
1162,,Imagine what our children would look like!,0
1163,,"I'd love to show you, but I just stuck it.",0
1164,,"I can tell you something, I'm a little mad at him.",0
1165,,"So, I'm sorry, I don't think we should go together.",0
1166,,And protect them from a tornado?,1
1167,,When are you coming home?,0
1168,,"See, that's it, cleaning's working!",0
1169,,"Ow, Ow, Ow, Ow, Leg cramps, Leg cramps, Leg cramps, Leg cramps.",0
1170,,"First of all, running after the Churo guy is not jogging.",0
1171,,"I got Judy pregnant, I still don't know how it happened.",1
1172,,Wasn't it painless?,1
1173,,"Oh, my God!",0
1174,,"Oh, you're saying someone's name is enough, they're turning around.",1
1175,,"And he went out, ""Squatternut buash?""",0
1176,,"I didn't know you and Carol were getting divorced, I'm sorry.",0
1177,,"Look, I need that stove Joey borrowed the other day.",0
1178,,"There's a game on Tuesday, you want to go?",0
1179,,What's this?,0
1180,,"And, uh, I don't know if you have any of this, but I would really like a copy of the tape.",0
1181,,"No, I just meant hypothetically.",0
1182,,I like it.,0
1183,,"Whoa, whoa, whoa, whoa.",0
1184,,You okay?,0
1185,,You and I are interfering.,0
1186,,"Okay, I'm gonna go get some stuff for the trip.",0
1187,,So now I have to go so he thinks I totally agree with him!,1
1188,,And he did?,0
1189,,You're gonna have to tell me how you did this.,0
1190,,All right.,0
1191,,Number,0
1192,,"I mean, you and I, we're just, you know, we're nothing, we're going around.",1
1193,,But I'm still mad at you.,0
1194,,You know that unagi is an eel?,1
1195,,Paper cut!,0
1196,,"Just a second, give me a minute to wake up for that, Ah-ha-ha!!",0
1197,,"Rachel's here, so good luck, man, let me know how it works.",1
1198,,"All right, all right, well, apparently not!",1
1199,,It's easy for you to say you didn't almost get killed.,1
1200,,I don't think you can ever do that.,0
1201,,"Yeah, I know, but her friend looks...",0
1202,,Is that Chandler?,0
1203,,I'm gonna kill myself!,0
1204,,"Thanks, but I have a problem here.",0
1205,,Yeah!,0
1206,,It's starting to snow.,0
1207,,"Look, please, don't go anywhere, okay?",0
1208,,"He's right, even if it's to say something complementary.",0
1209,,Someone wants to give me one of those tiles.,0
1210,,"Chloe, trade with me, there are guys who love you.",0
1211,,I'm in charge of the procurement.,0
1212,,Because all I can see is this bitch van.,0
1213,,Do you still love me?,0
1214,,I'm so happy for them!,0
1215,,"Look, I never should've kissed your girlfriend, but I'm",0
1216,,It's pretty.,1
1217,,"Well, I've been thinking a lot, and I'm looking at my life.",0
1218,,I'm the broken spleen.,0
1219,,Why?,0
1220,,"Oh-oh, it's a risky little game!",0
1221,,Come on!,0
1222,,"Because all I have to do right now is pregnancy stuff, it pisses me off.",0
1223,,Hello.,0
1224,,"No, no, no, no, no, it's not, it's not what it is.",0
1225,,Maybe I was!,0
1226,,"Yeah, I was just talking to the guys, look at them, are they okay if they come to see?",1
1227,,"Well, my mother's friend, Phoebe, is actually my mother.",0
1228,,"Anyway, I should go, one of the rescuers was about to dismantle a nuclear device.",0
1229,,"Okay, Janice, you have to give me Janice, it wasn't to be difficult.",0
1230,,That should do it.,0
1231,,Hello.,0
1232,,"All right, I'll take one.",1
1233,,"Ross, there's something I need to tell you, there's someone else.",0
1234,,"Yeah, I mean, it would be rude for them to leave now.",1
1235,,"Twenty-one hours, you're a hero.",0
1236,,"No, I know, but I, he just went on.",0
1237,,Have you won a lot so far?,0
1238,,They're my friends.,0
1239,,You've fucked us all day!,0
1240,,"I didn't want to touch that, I mean",0
1241,,I'm supposed to teach a graduate seminar in ten minutes.,0
1242,,I was saying maybe I was going to the Robot.,0
1243,,That would probably have been the most constructive solution.,0
1244,,"It's old and dingy, that's all.",0
1245,,Yes?,0
1246,,What's this?,0
1247,,The end.,0
1248,,"Wait a second, answer, think and call me back.",0
1249,,Pheebs?,0
1250,,"Yeah, that's what you need a good pill.",1
1251,,Hello!,0
1252,,"You can't do it, can you?",0
1253,,"Yeah, she's fired.",0
1254,,Here we go.,0
1255,,Do you know a six-letter red word?,0
1256,,You okay?,0
1257,,"I know, but it's so hard, nothing rhymes with your stupid name!",0
1258,,Take a deep breath.,0
1259,,"No, no, you don't have to fly, really.",0
1260,,What?,0
1261,,You okay?,0
1262,,Look what you brought.,0
1263,,What was that?!,0
1264,,Yes?,0
1265,,"On the other hand, in seven months, you'll have something you'll love more than any guy you'll date.",0
1266,,It's the Coast Guard!,0
1267,,"Well, this is the living room.",0
1268,,I found some coffee!,0
1269,,"I had a doctor, a nurse and an assistant.",0
1270,,I just called a friend of mine.,0
1271,,"Even if people are on it!""",1
1272,,I'm so sorry.,0
1273,,"I stayed in my room, you don't want to look in my basket.",0
1274,,"I guess you'd know, being one of us, wouldn't you?",1
1275,,"I'm tired of stopping, but they put me in jail!",0
1276,,"But first, we have to start.",1
1277,,You're building a post office?,1
1278,,Stay on the list.,0
1279,,"Yes, thank you.",1
1280,,And then for forgetting to invite you.,0
1281,,"Ross, how'd it go with Bonnie?",0
1282,,"What are you doing, too?",0
1283,,Yes.,0
1284,,So how'd it go?,0
1285,,What's with your face?,0
1286,,It'd be nice to have a little guarantee.,1
1287,,Then we went to this bar and he hung us up with all those women!,0
1288,,I've never loved anyone as much as I love you.,0
1289,,"No, no, no, no, no, no, no, no, no, no, no, no, no, no, no, no, no, no, no, no, no, no, no, no, no, no, no, no, no, no, no, no, no, no, no, no, no, no, no, no, no, no, no, no, no, no, no, no, no, no, no, no, no, no, no, no, no, no, no, no, no, no, no, no, no, no, no, no, no, no, no, no, no, no, no, no, no, no, no, no, no, no, no, no, no, no, no, no, no, no, no, no, no, no, no, no, no, no, no, no, no, no, no, no, no, no, no, no, no, no, no, no, no, no, no, no, no, no, no, no, no, no, no, no, no, no, no, no, no, no, no, no, no, no, no, no, no, no, no, no, no, no, no, no, no, no, no, no, no,",0
1290,,"Umm, would you excuse me for a moment?",0
1291,,"Oh, my God.",0
1292,,Am I out of control?,0
1293,,If you want to put a label on it.,1
1294,,But I'm the host!,0
1295,,"I can see him from here, it'll cost you a husband.",1
1296,,"No, it's not. It's the best time!",1
1297,,"Seriously, it's moving!",0
1298,,"Carol called me to thank me for the lasagna, I asked, she told me.",0
1299,,"Look, Phoebe remembers, hey, their just fulfillment of their Christmas...",0
1300,,"No, it's flattering.",0
1301,,She couldn't live without Chan Love.,0
1302,,She's not angry because they change the taste of coke.,1
1303,,"No Rose, she's depressed because Marvel only had good manners once a week.",1
1304,,"No Rose, I'm nervous because Sonny Bono is elected mayor of Palm Springs, he's going to make all the mailers wear leather bell stockings and a fur vest.",1
1305,,"Oh, yeah, Blanche, about half an hour ago, but now I hid it again so you could find it.",1
1306,,"I don't know Rose, maybe Marry Poppins has an Italian cousin.",1
1307,,On the home buying network,1
1308,,"No, I'm upset because crocodins wear darker colors.",1
1309,,The Marquise of the Liberarchy at Caesar's Palace,1
1310,,"No, she's gonna sit here where it's 112 degrees and eat enchiladas.",1
1311,,"No, it's because I can't understand these obsession ads.",1
1312,,"No, I'm depressed because Phillis George left the morning news.",1
1313,,"No White, with a venous fly trap",1
1314,,"No Rose, go to the corner and open a stand.",1
1315,,Lords of Arabia,1
1316,,"No, I'm afraid she's Phir Resuda's.",1
1317,,"Oh, no, it was a little girl selling toilets.",1
1318,,"No, I haven't gotten it out of the trunk of the car yet.",1
1319,,"Rose, you should sit here and watch her hack to death.",1
1320,,"Of course not, I'm talking about Carrey Grant, he lives in the broom closet.",1
1321,,"How about stopping on the eve of the new years with three naked women, vomiting in the pool, going through the punch bowl, and relieving yourself in the laundry closet?",0
1322,,"No, Rose, at a pie contest.",1
1323,,To feed the cat Rose.,1
1324,,Show them your Hawaii slides,1
1325,,"No, I'm upset because Joe Piscapo didn't have the lead role in the rain man.",1
1326,,I hope you like it extra flat and crispy.,1
1327,,It's a musical Rose.,1
1328,,I'm worried if Michael Jackson can buy the remains of the elephant.,1
1329,,Its cappucino manufacturer.,1
1330,,"No, it's because Jimmy Swaager can't cover his motel bill.",1
1331,,"No, it's the rose in the kitchen.",1
1332,,"In what white years, bitch?",1
1333,,"I'm sorry, Sophia, but for Dorothy's defense, it looks a lot like him.",1
1334,,Because he's wearing a little sunbrella rose.,1
1335,,What was I doing?,1
1336,,What is it?,1
1337,,"The little man who lives in there, who lights up and turns off the light will tell you.",1
1338,,"No Rose, I am developing images of the Magellan space probe",1
1339,,"No, Rose, she's all alone.",1
1340,,A pink hand puppet.,1
1341,,"No, Rose, that you should do.",1
1342,,Unbelievable.,1
1343,,Nooo,1
1344,,"Well, Scott, I'm sure we're all really looking forward to hearing your story.",1
1345,,- Sarcasm?,1
1346,,"No, no, I'm just the gorp mediator. I just give up every Tuesday of my life to help those damned people for the good of my health.",1
1347,,Really?,1
1348,,At a sarcasmoholics meeting?,1
1349,,You made a good start with the band.,1
1350,,"We thought you were here for the company, it's a sarcasmoholic Stewart.",1
1351,,Really?,1
1352,,"Oh, my God!",1
1353,,"Sarcastic, us?",1
1354,,And I'm sure everyone here really wants you to join our band.,1
1355,,"No, it's not.",1
1356,,"You said you spent all that money because those boots go with skirts, dresses and pants.",1
1357,,"Oh, I'm sorry, you need a break?",1
1358,,"I can see him from here, it'll cost you a husband.",1
1359,,Check one of my saddle bags while I chew a hay ball.,1
1360,,"I am a head hunter, I work with Soviet scientists and Third World nations.",1
1361,,Let me think!,1
1362,,The British are coming?,1
1363,,"Oh, my God, I love it!",1
1364,,"No, thank you, Josephine!",1
1365,,"Oh, my God, where are all the men?",0
1366,,"It's so good, I'll enjoy it in the balcony. I can enjoy my view, while I love my desert.",1
1367,,It's in the bounty of life.,1
1368,,"A woman named Hildy called and said we're getting married, but it happens every day.",1
1369,,I was making a coconut phone with a teacher.,1
1370,,It's a pleasure for the eyes and ears.,1
1371,,I really don't want to sit with Allen Iverson over there.,0
1372,,If only she was one and she didn't know what a birthday was.,1
1373,,She was probably excited all night about the party she knows.,1
1374,,Do you still like your nap?,1
1375,,"He's not good for the role, and if I suggest it my bosses will think I'm an idiot, and that's something they should learn for themselves.",1
1376,,"Oh yes, he has a guard, his older brother, Ernie, you can't invent that!",0
1377,,Is it me or did the greetings fall here?,1
1378,,"You're right, by saying nice, I almost lick it.",1
1379,,"Yes and we're ""very"" excited about it.",1
