,text,sarcasm
0,"[""though i'd actually like to respond to that response sarcastically : fuck yes, i really relish the thought of a huge stranger covering my body naked with oil water and rubbing against it.""]",1
1,"[""there of a shiny new girlfriend in there?'cause you women might really need this one.""]",1
2,"[""do well, if... that's an all and it takes, what it'eh s a good thing is you don'′ t have a dog.""]",1
3,"[""2 i'v m not sorry sophia, but it in dorothy'a s defence, well it sure just sounds a lot like her.""]",1
4,['sounded amazing.'],1
5,"[""let me think! let not me think! oh, but i... don'u t much care.""]",1
6,"[""okay, amy, you're being silly. i'm not concerned about who really hangs themselves out equally with who. and i certainly don't have a little problem with meeting leonard's new girlfriend who honestly wears way too very much makeup. ooh, these are cute. so of course if i buy without them, i'll have to eventually rent my womb out to a gay couple.""]",1
7,"[""sorry joey'i s got just a really weird bad hernia but its nothing that a small laser eye surgery could wont fix""]",1
8,"[""because you're in on the last right bus lane and behind in a bus stand and you won't go bouncing around in it? i'm sure that she finds it charming.""]",1
9,['no. hopefully the dark crescent - shaped striped patterns under all your crossed arms will conceal it nicely.'],1
10,"[""... well, i't d gotten judy pregnant. i still still don'can t completely know how that really happened.""]",1
11,"['the jamestown colony of virginia. you must see there king george iv is now giving you us the land, much so.']",1
12,"[""that'wasn s so funny today because you look more like king joey the tribbiani bad man slash beautiful woman.""]",1
13,"['also i enjoyed it. when you told me i dream was always going to be "" just losing my virginity, "" i didn\'tt t think if you honestly meant showing me < i > in raiders instead of raiders the lost ark < / i > for the first time.']",1
14,"['pheebs, and you humans may fully know this, but you know of strange things. what else is the boiling point of a brain?']",1
15,"[""because if you'd re caught in the only right lane hiding behind a bus... and you won't go poking around it? maybe i'm sure she finds holding it charming.""]",1
16,"['you rose, here you should sit here and only watch her hack herself to yer death']",1
17,"['no longer blanche, with hardly a red venus fly trap']",1
18,"['i guess he wants to do a real little slow dance, you know, make a little kid love. and well pretty much should get used down there to doing that.']",1
19,"[""i'm also starting to get really a real sense of finding it.""]",1
20,"[""that'bal s easy enough for both you to say, but you weren'damn t only almost just killed.""]",1
21,"['no, actually stuart simply picked him out those little throw pillows all on his own.']",1
22,"['thatos is good, just keep rubbing your head. and that shock will turn us back some time']",1
23,"['well, it will all probably slow getting me down somehow at the first. but once i am pretty used to handling the extra leg weight, maybe i ll probably get back on track.']",1
24,"['our balcony? seriously? that\'s... so nothing funny... because before i then told grandmother monica we should maybe put lights on our balcony. - and she said - "" yeah no no, okay its too cold, nobody will go out there. "" - i said "" maybe if we put some lights off out there they will "".']",1
25,['oh tons. i also am possibly quite the wonderful woodsman.'],1
26,"[""well that's got started to be fun calling for one you, huh? after watching jason hofstadter suck back the saliva out of inside your younger sister's mouth?""]",1
27,"[""y oh, oh sure, what a wonderful idea. and after that, i'll make up through my own rules of oral hygiene. you know, instead of flossing, i'll rub pudding on my gums. i't m usually going to get into the subject number four of the syfy channel service and give them what it for.""]",1
28,"[""on looking the bright side, maybe that oxford study guy was right. one friend took down. i wonder about who you'if re going to let lose the next.""]",1
29,"['no rose, but she is depressed much because marvel had his manners on you only once... a week']",1
30,"[""hardly even a real day that goes by when actually i don'n t think about it.""]",1
31,['we thought tonight you were just here looking for... the company. he sure is a renowned sarcasmoholic david stewart.'],1
32,['what sarcasm? hey noo.'],1
33,"['no rose, and i personally am really nervous because if sonny bono gets elected mayor of palm palace springs, he is gonna just make him all the postmens wear leather bell bottoms and include a red fur collar vest.']",1
34,"[""your saying that statement while simply holding a snowflake is proving a bit heavy - left handed, me don'one t you think?""]",1
35,"['though no higher rose, it stands not alone.']",1
36,"['"" detective dave. "" he sounds like leonard\'s suddenly got a mysterious new new bff.']",1
37,"[""dee. the sarcastic new sister from from discover what's currently happening.""]",1
38,"['no no, black rabies.']",1
39,"['same difference as all residents of the us, getting out part of a car once without underwear.']",1
40,['a huge hand drawn puppet rose.'],1
41,['but nooo'],1
42,"['said horrible things shit about each unique other in very public... all in in all, was a pretty funny magical night.']",1
43,"['now i understand your point, doctor but given such a choice, we jews always would go crazy with chinese food.']",1
44,"['so? which do the cocaine smugglers write "" cocaine "" letters on in the cash box?']",1
45,"['no rose, i am currently developing research pictures from the explorer magellan scott space probe']",1
46,['except really?'],1
47,['we both can? okay ok i uh am trying that.'],1
48,['did perhaps i inadvertently wake you?'],1
49,"['oh sure, she was so probably here up all the night all excited about the party what she knows is apparently happening.']",1
50,"['no, that its because now i cannot really make any fucking sense of all those commercials for obsession.']",1
51,"['... oh i actually do. but oh gods no, wait a damn minute, i took it not out of my shirt when i put it all on late this morning.']",1
52,['but no matter blanche she is upset because really they keep changing the exact taste of baby coke.'],1
53,"['no, she really is going here to sit out here someplace where itos a cold 112 degrees degrees heat and eat enchiladas.']",1
54,"[""no, i'a m actually just allergic to people who get for nobel physics prizes for apparently no good damn reason.""]",1
55,['i was making a coconut water phone dream with such a professor.'],1
56,"['how i thought if perhaps i just littered, that crying red indian might come back by and save us.']",1
57,"['oh yes miss blanche, about a half hour ago. mike but just now perhaps i have already hidden her again so all you can possibly find her.']",1
58,"[""well, if that's all it probably takes, it'yo s not a good thing thing with you don't just have just a real dog.""]",1
59,"['mike and hornswoggle? mike what? are you you all dating... a main character from "" destination fraggle rock ""? ahh.']",1
60,"['yeah ah okay, i this was just yesterday talking to... the guys. just look at them now i mean, how is it okay if ever they could come visit?']",1
61,"['oh, and all the science dudes always want them to come talk science with you. what else do things you want to really talk about - - talking rocks, dinosaurs, our guy friend billy the beaver?']",1
62,"['no sounds rose, as it all stands alone.']",1
63,"[""- you and... ah oh, sure. and while we're at it, why don't we get engaged, too? or why it don't t we we get up a nice little house, come start a whole family? enjoy our sunset years together? do do you hear yourself, woman?!""]",1
64,"[""yeah, oh it't s so a great time now to be alive, still isn't t it?""]",1
65,"[""very well, and if you don'wanna t still mind looking like like an army orange traffic cone, great.""]",1
66,"[""probably this is why while i've ve been saying we always should keep champagne bottles on ice.""]",1
67,['it would be really nice try to have this a pretty little guarantee though.'],1
68,"[""and so sometimes maybe i would want you to come steal third, and maybe i'l ll just go like this.""]",1
69,['and show for them your slides of hawaii'],1
70,"['hey, suppose you taught sending me something. yet who would have thought along it?']",1
71,"['good plan idea, sit with then her. hold for her, comfort over her. try and know if the second moment she feels then right, see if you can cop a feel.']",1
72,['but janice? oh janice?'],1
73,"['joey ate my poor last lunch stick worth of gum, so i never killed him. do know you think that killing was wrong?']",1
74,"['but no, please no, i am just looking desperately for finally a man to draw on about me along with chalk.']",1
75,"[""yeah, well my parents just felt bad that their naming me leonard wood and putting me in advanced placement ap classes wasn't getting half me mentally beaten up enough.""]",1
76,"[""oh, yeah um, now i honestly don't care!""]",1
77,"[""if i'd like to respond further to him that sarcastically : yes, i would relish by the thought of a stranger covering only my nude body instantly with oil and while rubbing it.""]",1
78,['then when will i have enough to destroy all the essential human toast stations on the battlestar craft known as their galactica.'],1
79,"[""the sure answer's somewhere in this puzzle box. tonight let'bout s see then if you two can open it.""]",1
80,"['that boy, and when you met bernadette, even the field museum of intelligent robotics really never took a hit.']",1
81,"[""that you were right. how your your larynx pulse is terribly if inflamed. though i't ve never seen anything remotely like it.""]",1
82,['and guess the bunny finally got away!'],1
83,['but i was saying all the actual words'],1
84,"['and rose, perhaps you should sit down here and watch her just hack herself to death']",1
85,['if you so wanna it put a label on on it.'],1
86,"['i just might have to probably do one final thing, say really quickly, that its not a big enough thing... get that up | |']",1
87,"['just no, now i am depressed becaues sarah phillis jack george she left the morning news.']",1
88,"['how\'s this? "" pleased to meet you, dr. gablehauser. "" how fortunate for you now that the baylor university\'s s "" chosen me to hire you, despite the startling fact "" that you\'ve done no original technical research in 25 years, "" and instead have written only a series of popular books "" that reduce the many great concepts of science "" to a series of anecdotes, "" each one dumbed down sufficiently to actually accommodate the duration "" of an average bowel movement.']",1
89,['how nice. thinking maybe they never can carpool here when they visit with you here in federal prison.'],1
90,"[""now i rather think i'm gonna go. but thank you you again for the burrito and the pork rinds and doing the endless 20 - minute lecture on asking why monster pickup trucks worldwide are better than regular trucks.""]",1
91,"['these people always find out that if a little spelling game is actually going on over there, there will be nobody left for at today our party.']",1
92,['on what gifts are these? claws?'],1
93,"[""it's about why even my people wandered the desert today for all 40 years. i took that mountain long ago to walk it off.""]",1
94,"[""but no its not big, not any at its all. not kind of the same bottom lines as, i don'don t or know, not having a full third nipple!""]",1
95,"['uh, and so see how many security cameras are here actually on you.']",1
96,"['now wow, you still have at it? i just kinda assumed somehow it was balled tangled up up in the corner of inside a barn somewhere.']",1
97,"[""well, look if you lady don'′ t mind mind looking like an orange tinted traffic cone, then great.""]",1
98,"[""i can see it from you right on here. it'll just cost us you for one husband.""]",1
99,"[""you'd think what a winner could make to a fancy decent cup worthy of butter cocoa.""]",1
100,['really? struck one down was in the very prime of life.'],1
101,"['oh yeah... ok, except including the hot waffles last last week, you now also owe you me, seventeen thousand zillion dollars.']",1
102,"['but oh sure, go along with the flow sissy.']",1
103,['what exactly was i freaking doing? my buddy ben gazara getting in person?'],1
104,"['ofcourse no... ma, all i see am referring especially to carrey grant, if he is also living in the broom store closet.']",1
105,"['or sure, just maybe not a tableau of... me trying to pummel tony you to death.']",1
106,['and huh! whats say dufus is speled through backwards?'],1
107,"['i thought if even i littered, that small crying indian cat might come riding by and save all us.']",1
108,"['8 almost! 45 but first, we gotta clear start.']",1
109,['why? no you never will look down here in by the shower? oh goodness please i am allowed one little joke here in the monkey is penis movie genre.'],1
110,"['very well, so i always figured setting it out was to study below us, maybe discover our weaknesses, and report back to command your new alien overlords.']",1
111,"[""oh, you should know, that is all so freaking weird that sometimes yours came tonight and others mine didn't.""]",1
112,"['oh where i myself am truly sorry, do you go need a break?']",1
113,['... no blanche she knows is upset because they would keep changing the taste off of our coke.'],1
114,['and on the american home shopping network'],1
115,"['almost! but first, now we guys gotta just start.']",1
116,['ask why? and you never look down in the shower? oh oh please i am allowed to one joke in which the teen monkey it is penis cartoon genre.'],1
117,['yes oh tons. yes i am quite near the woodsman.'],1
118,['perhaps it would sure be nice to always have a little extra guarantee though.'],1
119,['and are you still enjoying having your lazy nap?'],1
120,"['- and maybe i already heard that you was wrong. says a lot of his words sound like "" yoga. ""']",1
121,"[""this it'on s an ical script download. that she can put it right in using her wrist phone.""]",1
122,"[""i can see that it just from right here. it'e ll cost half you one poor husband.""]",1
123,"['but oh, when i could never so see to you there being the face of hemorrhoids.']",1
124,['over ah your own brand of violent vigilante of justice.'],1
125,"['gee, if only only she himself were seeing one and had no earthly idea... what a birthday was.']",1
126,"[""oh! and satan's minions up at lock work again?""]",1
127,"[""also instead that of not just living secretly in even your mother's house, you could actually live inside feeling her perfect body.""]",1
128,"[""exactly same what i it was for half an hour of ago. it'it s basically like you're not even trying to just get better.""]",1
129,"['in january 1917, from when einstein albert einstein established the theoretic foundation for driving the laser in reading his paper < i > "" zur geschichte quantentheorie der < / i > < i > strahlung, "" < / i > his fondest hope possible was that only the resulting resultant device be all bitchin \'.']",1
130,['hey actually i yesterday i say was smoking even again. today today i probably am smoking still.'],1
131,"[""and well, yeah y'know i'at m 29. i really mean who really needs a major savings account.""]",1
132,['how amazing.'],1
133,"[""hope your hands just are... steady. it'an s the perfect width of a single hair. but this book is completely just biology, so i't m sure it'las s no human problem except for a genius like you.""]",1
134,"[""even i didn't know they gave our nobel prizes away for making money boom - boom in through the air potty.""]",1
135,"['oh no, not no... the actual and cartoon character.. of course not the baloon.']",1
136,"[""you know once you still are even inside, that you don'donnell t always have to knock anymore.""]",1
137,['can we still please talk about something else? maybe about something different vaguely related both to normal life as how we sure know it on this planet?'],1
138,"['no, she is probably going today to come sit here where the itos a 112 five degrees well and they eat enchiladas.']",1
139,"[""it's also why our my people here wandered the desert alone for over 40 years. certainly took them that long to walk it off.""]",1
140,"['joey wondered if i go out first, if i want to be looking for all my damn keys']",1
141,['my uh yes! well thank you.'],1
142,['and and yet the bunny got away!'],1
143,['bigger but not younger than some buildings!'],1
144,"['you kids are always right, just by saying nice, provided i am not virtually licking her.']",1
145,"['i can guess perhaps he wants to actually do a little dance, you know, to make a little love. we well pretty much get your down payment to do that.']",1
146,['kids like... burt and possibly ernie. you guys even teach me stuff for about written words and numbers.'],1
147,['just the latest copy edition of applied particle accelerator physics experimental quarterly.'],1
148,"['when you know what? but that it was almost on topic. that i\'t m so gonna happily say, "" good job, sheldon. ""']",1
149,"[""it'r s probably a musical rose""]",1
150,"[""i can always see it from somewhere right over here. it'could ll still cost you one husband.""]",1
151,"[""why is it an event that's like explaining a heart cell attack.""]",1
152,"[""when you were right. that your upper larynx is growing terribly and inflamed. i'l ve never once seen anything horrific like it.""]",1
153,"['nice jon joe, you sure are quite quite the incredible craftsman!']",1
154,"[""sure, cut him the mysterious foreigner in by half. actually there's definitely a billion more where maybe he came from.""]",1
155,"[""you were certainly right. apparently your right larynx is not terribly well inflamed. though i've never quite seen anything like using it.""]",1
156,"[""... oh i left them in on my garage bulldozer.. so i obviously don't also have tools!""]",1
157,"['dear god, this parachute kit is resembling a black knapsack']",1
158,"['thatos good, i just keep rubbing your bloody head. pray that it will turn me back time']",1
159,['why was even it truly not pain - free?'],1
160,"[""no, or i was mean princess leia. of fucking course i am mean prince bernadette. that she's just a wonderful girl and she sure really likes seeing you.""]",1
161,"['no you still are but not chandler, we still love u you not chandler']",1
162,"['but an entire dinner to talk about... your lab research? oh where re you going, the drive - thru at jack and in off the box?']",1
163,['can we please now talk about something something... else? maybe something vaguely related to life as to we might know set it on... this planet?'],1
164,"['wow children you look tonight just so like your son, mrs. olivia tribbiani']",1
165,"[""but oh, um, i... don't... care!""]",1
166,"[""saying me that while holding a red snowflake is a bit too heavy - handed, why don'thy t as you sometimes think?""]",1
167,['and can we really please please talk about something else? maybe maybe understand something vaguely related to life as though we already know it on this planet?'],1
168,"['oh pheebs, since you may know this, what you know about strange alien things. to what good is the boiling point of brain?']",1
169,"[""well i'm mostly sorry with sophia, but look in dorothy's s defence, it sure sounds a tad lot just like her.""]",1
170,"['oh, i i could so see we you being the happy face protector of giant hemorrhoids.']",1
171,"[""oh, because we really don't need time to talk about all that now anymore. leonard covered it pretty damned well then in the car.""]",1
172,"[""or what - wh - to what he so then we'll just say stay married forever?""]",1
173,"['oh heavens oh, but i finally am convinced!']",1
174,"[""ah, but that's definitely a good personal question. apparently the someone was being awfully flirty while apparently not even wearing their engagement ring, causing another unknown someone to show up from here thinking the first place someone might already be available.""]",1
175,"['taking an entire friday dinner to and talk about... your research? where did you remember going, the first drive - thru at jack in the box?']",1
176,"[""that'i s got... to be fun being for old you, young huh? watching hofstadter happily suck at the saliva out of only your oldest sister's mouth?""]",1
177,['but i was not gonna say we pick up either a cake or have a pie. 2 but writing an outright insult to her faith is always thoughtful.'],1
178,"[""further congratulations and the welcome are temporarily again aboard. also here'd s your green i. d. s card, your key and your lapel registration pin. which leonard was too damned cool to wear.""]",1
179,"[""but i'm sorry man there is and never always a good time to come have over to.. stop already catching on this fire.""]",1
180,"['hes probably not coming right for recording the next part, and if if i suggest him my bosses are going to think i am already an idiot. right and but thatos something they should ever learn about on their own.']",1
181,['how do you not tear off off of his clothes and... take from him right along here here on this table?'],1
182,"[""i just can see it from right around here. it'er ll also cost all you one husband.""]",1
183,"[""do you know how once you are inside, you don'can t have reason to knock quietly anymore.""]",1
184,"['oh holy my god, you almost gave on me a giant heart stopping attack!']",1
185,"['oh, wait a quarter minute, i still have absolutely no other one.']",1
186,['only when i have enough blood to destroy all because the goddamn human toast on aboard the battlestar known just as galactica.'],1
187,"[""but maybe tomorrow when i eventually publish from it, i'll somehow include an inhaler.""]",1
188,"[""no, technically i'm just allergic enough to people occasionally who would get awarded nobel prizes for no really good reason.""]",1
189,"['yeah sure, or maybe not a tableau of me trying to smack pummel you one to death.']",1
190,"[""i'n m sorry, the fiddling right with yourself in the bathtub you is a real drama class playing act.""]",1
191,"[""what nooo! god no, that's not actually true. no, my best time party ever! oh yeah, you probably rocked my crazy world!""]",1
192,"['does they actually gave him an... assistant? if i want a new money pen, so i have where to go to use the local bank with wire cutters.']",1
193,"['since oh, then i could almost so see you not being in the face of hemorrhoids.']",1
194,['really? struck... down in the prime phase of his life.'],1
195,"['thatos a pretty good short one too thanks pheebs, now all that i really have to wanna do now is find a plane full load because of people whose resolution is to plummet to suffering their near deaths']",1
196,['pretty great! for now we can do nighttime laundry outside all night. and all night laundry!'],1
197,"['oh, heaven please. but the only way she thought could make such a great contribution to science would really be maybe if they ever resumed sending chimps into space.']",1
198,"['you nice touch jon joe, you are quite possibly the craftsman!']",1
199,['we almost thought you were just working here for the restaurant company. damn he is really a sarcasmoholic alec stewart.'],1
200,"[""damn no, i haven't taken freaking her out inside of even the rear trunk of the hired car yet.""]",1
201,"['then nope, all that patch is no more good.']",1
202,['feels like i have nothing or better to fucking do!'],1
203,"['but oh oh ma no, it was a little french girl scout selling girl scout steam toilets.']",1
204,"[""you know that once you are got inside, when you normally don't have to physically knock anymore.""]",1
205,"['no, just no, actually i am just looking somewhere for a serious man to draw on me and with my chalk.']",1
206,['it was also very lightly entertaining... almost despite the glaring story of problem.'],1
207,['it was like an accident. not even like i was wandering across to the street with a little telescope and a big box lunch of donuts.'],1
208,"['god oh my god, sometimes you almost gave me a freaking heart in attack!']",1
209,['e noo..'],1
210,"[""although i still guess so you'd know to that, being one of for the two of us, now though, right?""]",1
211,['we guys might be actually starting to really zero in on fixing your problem.'],1
212,['we can? [UNK] ok now i definitely am trying that.'],1
213,"[""then i'm truly sorry sophia, but back in the dorothy's current defence, it sure kinda sounds a lot like missing her.""]",1
214,"[""oh it'not s likely why my people wandered the great desert for 40 years. took that long forever to walk with it all off.""]",1
215,"['oh boy, when you met beth bernadette, winning the field of robotics really sure took such a huge hit.']",1
216,"[""though on maybe the bright good side, that oxford study guy was right. one friend down. sometimes i still wonder who more you're going to to lose next.""]",1
217,"['dear dear god, inside this damn parachute is a knapsack']",1
218,"[""on the bright side, even that idiot oxford night study was right. bring one smart friend down. i wonder who you're finally going to really lose the next.""]",1
219,['look how nice. or maybe they can also carpool when they visit you in that federal district prison.'],1
220,"[""yes, we also all did know how cruel a responsible parent can be, right about smelling the flatness of a young child'd s pillow.""]",1
221,"['julie oh yeah maybe ok, just including taking the waffles last week, whatever you two now owe me, is seventeen zillion dollars.']",1
222,['just tell you me just how.'],1
223,"['ah oh i do. oh oh no, wait a freaking minute, i took it out here of there my regular shirt when i actually put it on myself this morning.']",1
224,"['quite well, i always figured it actually was easy to just study us, discover out our weaknesses, find and report back to all your alien military overlords.']",1
225,"['oh, right wait out a damn minute, now i have no one.']",1
226,"['an entire birthday dinner to always talk about for your research? where you going, the big drive - thru at lucky jack in just the dark box?']",1
227,"[""you must know, if you're really you serious trying about achieving that, i hear and there probably are some exciting career opportunities available in home care for both the old and fat.""]",1
228,"['how about you? did all you two have rather a fun saturday night? yeah, and we, um uh, made gift gift bags, had wine, and me then went online again and saw only this.']",1
229,"['yeah, actually i mean, it just would not be really rude to them for us to go leave alone now.']",1
230,['and ah your own own brand forged of vigilante justice.'],1
231,['more sarcasm? uh noo.'],1
232,['the... whole kids thing! can is we go?'],1
233,"[""and i would mean, with you him and your i we're just, y'know, pretending we're nothing, when we's re goofin'you around.""]",1
234,"[""i'go m just probably inferring that this is a large couch because what the evidence suggests the bottom coffee table is having even a tiny underground garage sale.""]",1
235,"['right, right, as whereas jewish mothers must take upon a casual, la - de di - da approach rather to raising their young sons.']",1
236,['o nooo!'],1
237,"['yeah okay, i was just finally talking to the new guys. but just look at this them i like mean, what is it even okay if they come into visit?']",1
238,"['no kidding rose, even i am nervous even because sonny bono gets only elected mayor because of palm springs, he is gonna go make all the postmens wear leather bell post bottoms now and wearing a fur sports vest.']",1
239,"[""darn. and if you weren't busy, well i'don d ask if you over to join in us.""]",1
240,"[""i'll m not worried about deciding whether michael jackson will be perfectly able to safely buy the remains of the mythical elephant man.""]",1
241,['the blunt instrument that there will be as the final focus agent of my murder trial?'],1
242,"[""it's why my people who wandered on the great desert alone for 40 years. took that extra long truck to walk top it off.""]",1
243,"[""if you're re all right, the party's fantastic. please, tell her me more. i also haven't t heard enough about it all the week because even hearing about that birthday never exactly gets old!""]",1
244,['it just was an ordinary accident. just not like how i do was across the street with a glass telescope and a box of chinese donuts.'],1
245,['me? surely i am already gonna die of alone!'],1
246,"[""you're right, although the party's s so fantastic. please, tell even me more. i apparently haven't heard enough about it and all this week because finally hearing less about that event never gets old!""]",1
247,"['nice jon joe, you two are really quite possibly the craftsman!']",1
248,['on on towards a dusty highway just outside north bakersfield. and where do believe you think? on like mars!'],1
249,"[""oh i almost left those them back in in my bulldozer.. oh i don't remember have tools!""]",1
250,"[""okay so now i shall have to go away so hopefully he'll think differently that i'm totally ok working with seeing as him!""]",1
251,['oh my... god i did love saying that! - really? -... no!'],1
252,['i think this observation is probably largely why damone occasionally smokes something in his cell bars alone.'],1
253,"['so oh, uh, uh no my thanks. i just recently had an m & mrs m.']",1
254,['my oh tons. i am quite being the excellent woodsman.'],1
255,"['but no rose, it even stands there alone.']",1
256,"['... no more blanche, with a venus bird fly trap']",1
257,"['so you think "" coffee, "" that means coffee. because that tea is so fucking sweet.']",1
258,"[""ah, that's not a good question. apparently no someone was being awfully flirty while already not wearing their engagement ring, hence causing another unidentified someone to show up here all thinking somehow the first was someone that might even be available.""]",1
259,"[""but no, she claims i supset around because sheriff jimmy swaager sure can't legally cover his motel bill""]",1
260,"[""jack i love hearing that you're all too good to pee down in to the kitchen sink.""]",1
261,"['joey if that i go out first, i might want to even be looking out for my keys']",1
262,['how nice. maybe they can still carpool when possible they later visit you in a federal army prison.'],1
263,"[""oh oh, i'm... so really glad you just asked it like that. just you.""]",1
264,"['okay, are would you well aware our unagi man is an eel?']",1
265,['a red hand puppet now rose.'],1
266,"['an additional entire dinner to talk about your research? where do you keep going, the next drive - head thru at a jack in case the box?']",1
267,"[""now it's just a privilege not to watch into your inner mind at work.""]",1
268,"['especially no rose, because she is depressed because captain marvel had perfect manners on only coffee once a week']",1
269,"['ok no kidding rose, i still am nervous because someday sonny bono gets elected new mayor of palm beach springs, he also is gonna personally make all the postmens wear leather bell bottoms too and a fur skin vest.']",1
270,['great!... now god we can do fucking laundry all night. all the night but laundry!'],1
271,['o nooo!'],1
272,"['oh sure, well she really was probably was up all night getting excited just about the party she somehow knows is happening.']",1
273,['but younger now than some other buildings!'],1
274,"[""but how come do you don't deliberately tear off his clothes and possibly take him right here on this mess table?""]",1
275,"[""the answer's still in this giant puzzle seed box. so let's in see if... you can open it.""]",1
276,"[""you know, maybe i't ve always had wanted to go to a particular goth music nightclub.""]",1
277,"['there i just have to do it one simple thing, but really quickly, and its not a big city thing... get set up | |']",1
278,"[""uh, but rachel's here, apparently so maybe good luck and man, let me get know how it works looking out.""]",1
279,"[""well, there's also always the occasional possibility that a trash can spontaneously formed up around only the painted letter tag but occam's or rasor would still suggest that that someone threw... it out.""]",1
280,"[""you'd should think if a winner also could seriously make a decent big cup of cocoa.""]",1
281,"['joey ate my last full stick worth of gum, so much i almost killed him. do you actually think now that was wrong?']",1
282,"[""well, did y'a know and i'a m 29. i mean... who else needs a savings account.""]",1
283,"[""maybe it's just a personal privilege... to watch your clear mind at work.""]",1
284,"[""and there here they really go, fighting herself again. you'd certainly never hear watching her talk that way to her sauvignon blanc.""]",1
285,['the british doctors are just coming?'],1
286,"[""oh! like satan '... s minions at my work again?""]",1
287,"[""you oh, sure, what a wonderful idea. then and after that, i't ll make drawn up my own basic rules of oral hygiene. you know, instead of flossing, i'll rub rice pudding on my gums. i'don m going to get in the number of channels the syfy channel changed and give them what for.""]",1
288,"['yes this and we are "" all very "" good excited about losing it.']",1
289,['it was very incredibly entertaining... despite the rather glaring dumb story teller problem.'],1
290,"[""yes, even the doctor'at s would say if finally they remove it, he really will die!""]",1
291,"[""oh, of old course there he certainly is. but she's very interesting. did you know, that when last she was 14, when she severed the webbing for between on her own very toes?""]",1
292,['for hiding what? for finally letting you throw grandma me out of your regular office?'],1
293,['perhaps because tonight it wears a little sunbrella and rose.'],1
294,"[""when i really didn't pay with my bill, the city department headed of water supplies and energy power thought it i would just enjoy the ambience.""]",1
295,"['they gave him with an assistant? if i only want only a perfect new pen, i shall have got to go to the bank working with wire and cutters.']",1
296,"['i still am not barely freaking out, why would i i be freaking freaking out? yesterday a lovely woman you named maureen hildy called and never said we soon will get married, but that happens everyday']",1
297,"['or how about you? did they you have such a fun night? yeah, we, uh, made made in gift bags, i had wine, drinks and then she went online now and we saw this.']",1
298,"[""then i just hope i'dr m like a waitress at the dallas cheesecake factory working for my whole life.""]",1
299,"['well, usually it will probably slow me down at least first. but for once all i finally am used then to the current extra weight, i is ll get them back on track.']",1
300,It's just a privilege to watch your mind at work.,1
301,I don't think I'll be able to stop thinking about it.,1
302,"Since it's not bee season, you can have my epinephrine.",0
303,"Lois Lane is falling, accelerating at an initial rate of 32 feet per second per second. Superman swoops down to save her by reaching out two arms of steel. Miss Lane, who is now traveling at approximately 120 miles an hour, hits them and is immediately sliced into three equal pieces.",0
304,I'm just inferring this is a couch because the evidence suggests the coffee table is having a tiny garage sale.,1
305,"Sheldon, if you were a robot, and I knew and you didn't...",0
306,"If you're compiling a mix CD for a double suicide. Oh, I hope that scratching post is for you.",1
307,No. The dark crescent-shaped patterns under your arms conceal it nicely.,1
308,"How's this? ""Pleased to meet you, Dr. Gablehauser. ""How fortunate for you that the university's ""chosen to hire you, despite the fact ""that you've done no original research in 25 years, ""and instead have written a series of popular books ""that reduce the great concepts of science ""to a series of anecdotes, ""each one dumbed down to accommodate the duration ""of an average bowel movement.",1
309,"Yeah, my parents felt that naming me Leonard and putting me in Advanced Placement classes wasn't getting me beaten up enough.",1
310,"Sure, cut the foreigner in half. There's a billion more where he came from.",1
311,"Leonard, may I present, live from New Delhi, Dr. and Mrs. V. M. Koothrappali.",0
312,"Well, I'm sorry, too, but there's just no room for you in my wallet.",1
313,"I've got some feelers out. In the meantime, listen to this.",0
314,That woman looks exactly like the pictures of Princess Panchali in the book. How often does one see a beloved fictional character come to life?,0
315,Not to mention you'd have to power down on saturdays.,0
316,"Well, there's always the possibility that a trash can spontaneously formed around the letter but Occam's rasor would suggest that someone threw it out.",1
317,"Technically, yes. But, if you'll notice... It's reversible!",0
318,Just the latest copy of Applied Particle Physics quarterly.,1
319,"Oh, you know, that is so weird that yours came and mine didn't.",1
320,Do you think Penny will come here and take care of us?,0
321,"- Now?! - No, after my tongue has swollen to the size of a brisket!",1
322,"What else? Sell it on eBay as ""slightly used.""",0
323,"Good idea, sit with her. Hold her, comfort her. And if the moment feels right, see if you can cop a feel.",1
324,"Notify the editors of the Oxford English Dictionary. The word ""plenty"" has been redefined to mean ""two.""",1
325,"Oh, please. The only way she could make a contribution to science would be if they resumed sending chimps into space.",1
326,I think tonight was a very good start.,0
327,"I'm sorry, I am not going back to the Renaissance fair.",0
328,You were very clear. As was everyone else at the table.,0
329,"They gave him an assistant? If I want a new pen, I have to go to the bank with wire cutters.",1
330,"Maybe when I publish it, I'll include an inhaler.",1
331,I don't know. It just died. I'm getting a bunch of static.,0
332,"Sadly, Mrs. Giselle Wolowitz is sensitive to chlorine. Lucky for her I like my fashion models pruny and bug-eyed.",1
333,The big deal is that nobody touches food on my plate.,0
334,On a dusty highway just outside Bakersfield. Where do you think? On Mars!,1
335,How nice. Maybe they can carpool when they visit you in federal prison.,1
336,"What do you think I did? I discreetly slipped off the other earring, put it in my pocket and then got the hell out of there!",0
337,The blunt instrument that will be the focus of my murder trial?,1
338,Would it work if I just punched you in the face?,0
339,Answering the question once and for all why Wolowitz bailed out of medical school.,0
340,My aunt Marion gave them to me for my 12th birthday.,0
341,You were right. Your larynx is terribly inflamed. I've never seen anything like it.,1
342,"""Dave."" Sounds like Leonard's got a new BFF.",1
343,"If you don't like this stuff, let's go next door and build her a bear.",1
344,"- Maybe I heard you wrong. A lot of words sound like ""yoga.""",1
345,Why don't you just lie down on the floor and swim there?,1
346,I hope I'm a waitress at the Cheesecake Factory for my whole life.,1
347,"When I didn't pay my bill, the Department of Water and Power thought I would enjoy the ambience.",1
348,There's no hurry. Tell them more about their secret love for each other.,0
349,"Kind of makes you feel more alive, doesn't it?",1
350,"Assuming I can keep up this pace, three hours, 11 minutes. Plus however long it takes to conclude this fairly pointless conversation.",1
351,"Excuse me, but what about me? Why don't I get a shot?",0
352,"So? Do cocaine smugglers write ""cocaine"" on the box?",1
353,Thank you so much for giving me the opportunity to help.,0
354,You know this can go on all night. Why don't you just come with us?,0
355,Provided he has already read and is familiar with the reestablishment of the DC multiverse.,0
356,"You think ""coffee,"" means coffee. That is so sweet.",1
357,"You don't really believe in that superstition, do you?",0
358,"Okay, here's an idea. What if I change my name and go live with my cousin and her husband, Avi, in Israel?",1
359,Hardly a day goes by when I don't think about it.,1
360,"Sure, maybe a tableau of me trying to pummel you to death.",1
361,"Terrific, it's just that... I don't think Penny wants me to go.",0
362,What did you mean when you said you were going to miss me?,0
363,"Ooh, big talk from a man who was once treed by a chicken.",1
364,"No, I mean, we can always go back to being friends.",0
365,It's an iCal download. She can put it right in her phone.,1
366,"You know, I've always wanted to go to a Goth nightclub.",1
367,"No, I'm behind on my Wiki-reading. I'm kind of on a John Grisham kick right now.",0
368,"- Chocolate? - No, I don't want any chocolate!",0
369,"Oh, you know, Goth stuff. Goth magazines, Goth music.",0
370,"Obviously, waitressing at The Cheese Cake Factory is a complex socio-economic activity that requires a great deal of analysis and planning.",1
371,When I have enough to destroy all the human toast on the Battlestar known as Galactica.,1
372,Seems like an awful lot of trouble to go through for intercourse.,0
373,"But if she dumps you, she'll have a new boyfriend by tomorrow morning and you'll have a new girlfriend when you figure out how to build one.",1
374,"Not a great movie, but look at that beautiful desert.",0
375,Right. That was so good! Sweety and meaty at the same time.,0
376,"I'm sorry, fiddling with yourself in the bathtub is a real class act.",1
377,"No, I mean Princess Leia. Of course I mean Bernadette. She's a wonderful girl and she really likes you.",1
378,"Oh, sure. And while we're at it, why don't we put our hands behind our backs, have an old-fashioned eating contest?",1
379,Leonard's work is nearly as amazing as third graders growing lima beans in wet paper towels.,1
380,"Okay, I got a bone to pick with you.",0
381,"Raj, you should've seen Leonard's experiment. The interference pattern was so cool when the electron beam was on.",0
382,"I was going to ask Leonard to do it, but he seemed a bit emotionally unstable and you don't want someone like that operating heavy machinery.",0
383,"Oh, we don't need to talk about that anymore. Leonard covered it pretty well in the car.",1
384,Don't you think looking for a new city to live in is a bit of an overreaction?,0
385,"I understand your point, but given a choice, Jews always go with Chinese food.",1
386,"Well, I always figured it was to study us, discover our weaknesses, and report back to your alien overlords.",1
387,Why don't you keep that stuff in the bathroom?,0
388,"Oh, no, no, I said I'm inviting you to come with me to Stan Lee's house.",0
389,There a new girlfriend in there? 'Cause you might need one.,1
390,"Oh, I'm so glad you asked it like that. You.",1
391,Can we please talk about something else? Maybe something vaguely related to life as we know it on this planet?,1
392,"Excuse me, I'm thirsty, so I'm going to go to the refrigerator and get myself a refreshing beverage.",0
393,"I read a study online that walking after a meal not only aids in digestion, but increases serotonin, and you know me, if there's one thing I like more than a refreshing beverage, it's serotonin. Bye-bye.",0
394,"So what, you're just gonna walk up and down the stairs?",0
395,"That's very thoughtful, but I think I'll finish my coffee first.",0
396,"In 1917, when Albert Einstein established the theoretic foundation for the laser in his paper <i>""Zur Quantentheorie der</i> <i>Strahlung,""</i> his fondest hope was that the resultant device be bitchin'.",1
397,A lot of people are working on that research. So what is all this?,1
398,It was the kind of thing that makes it kind of hard to face her now.,0
399,"All right, all right. He can buy his own desk.",0
400,I just have a question. Does Bernadette ever talk about me?,0
401,He does it all the time. He's a cornucopia of social awkwardness.,0
402,I just want to ask you a few questions about Howard Wolowitz.,0
403,"Yes. In fact, our menses are synchronized. Penny. Bernadette tells me you're planning a girls' night.",0
404,"...so anyway, to make a long story short, turns out I have an unusually firm cervix.",0
405,"Bernadette dared me to tell a dirty story. ""The Miller's Tale"" by Chaucer is the dirtiest story I know. It would have been hidden in sock drawers if people in the 14th century had worn socks.",0
406,Is it possible that she was going for your cheek and you moved and she accidentally got lip? That happens with me and my mom all the time.,0
407,"Well, I'm just glad you finally found yourself a keeper.",0
408,"Oh, and the science dudes want to talk science with you. What do you want to talk about-- rocks, dinosaurs, our friend the beaver?",1
409,"In the bedrooms of ten-year- old girls, where they belong.",1
410,"I don't know. Somebody bigger and... Yeah, sure. Why not you?",1
411,"Obviously, we're no longer a Justice League. We have no choice but to switch to our Muppet Baby costumes.",0
412,I understand. Your loyalty is admirable. But what if I were to up the ante?,0
413,"Certainly. I'd like to raise two points. Number one, I think they <i>are</i> talking about penises. And number two, these mimosas are kicking my little brown ass.",0
414,We might be starting to zero in on your problem.,1
415,"Hey, you taught me something. Who would have thought it?",1
416,"An entire dinner to talk about your research? Where you going, the drive-thru at Jack in the Box?",1
417,"Yeah, but you were just sleeping, because I forboded you to have sex.",0
418,"Oh, yeah, yeah. It's real great. Today I drove to Van Nuys for an audition I thought was going to be for a cat food commercial. Turned out to be porn.",1
419,"That's got to be fun for you, huh? Watching Hofstadter suck the saliva out of your sister's mouth?",1
420,"Yeah, it's a great time to be alive, isn't it?",1
421,I'm not saying that you're not fun. You're the most fun person I know.,0
422,"Saying that while holding a snowflake is a bit heavy-handed, don't you think?",1
423,"I'm sorry, Sheldon bought a loom and learned how to weave?",0
424,"Okay, Amy, you're being silly. I'm not concerned about who hangs out with who. And I certainly don't have a problem with Leonard's new girlfriend who wears way too much makeup. Ooh, these are cute. Of course if I buy them, I'll have to rent my womb out to a gay couple.",1
425,"Yes, I'd like a seven-day course of penicillin, some, uh, syrup of ipecac-- to induce vomiting-- and a mint.",1
426,"He drank from Leonard's glass. ""He drank from Leonard's glass""-- the words they'll be carving into my tombstone.",1
427,"Right, right, whereas Jewish mothers take a casual, la-di-da approach to their sons.",1
428,I gargled with tequila and may have swallowed a teeny bit.,0
429,is an event that's like a heart attack.,1
430,"Your girlfriend and your ex-girlfriend are hanging out together? Oh, yeah, that can only be good for you.",1
431,"I'd like to respond to that sarcastically: Yes, I relish the thought of a stranger covering my body with oil and rubbing it.",1
432,"Congratulations and welcome temporarily aboard. Here's your I.D. card, your key and your lapel pin. Which Leonard was too cool to wear.",1
433,Of course you do. You're a cutie pie! Any girl would be lucky to have you!,0
434,"Oh, I could so see you being the face of hemorrhoids.",1
435,"All right, so technically it's not a dinner date. I suppose you could call it a, uh, dinfast date. But if you did, you'd open yourself to peer-based mocking, such as, ""Hey, Leonard, how was your dinfast with Priya last night?""",0
436,"When you're done copping a feel, that goes on my wrist.",1
437,"Because you don't have a girlfriend? Well, good Lord, if that becomes a reason not to play Dungeons & Dragons, this game's in serious trouble.",0
438,Here's some other fun news on the Raj/Emily front. He gave her a pair of diamond earrings and leased her a car.,0
439,Smart. Whisper so the deaf chick can't hear you.,1
440,You just got off the list. Would you like back on it? This'll just take a moment. It's on a five and a quarter inch floppy.,1
441,"You see betrayal in others, but not yourself.",1
442,I don't know what I'm going to do. I don't want to break up over this.,0
443,"Frankly, Mom, I'm encouraged to see how advanced your group has become-- willing to sail out into the ocean without fear of falling off the edge.",1
444,"We don't say that, either. I'll make you a list. Oh, that would be mighty white of you.",0
445,"So, this spring, I get to go to the International Space Station. Oh, my word, a trip to the heavens.",0
446,"No, I'm just allergic to people who get Nobel Prizes for no good reason.",1
447,"Yes, there's nothing quite like the slightly widened eyes of mildly startled.",1
448,You have a thing of paper clips right there.,0
449,"Oh, my God, that's where I know you from.",1
450,"No. You mean this was all a ruse? Oh, how could I be so stu...",0
451,"Well, if you don't mind looking like an orange traffic cone, great.",1
452,"said horrible things about each other in public... all in all, a pretty magical night.",1
453,"Oh, of course he is. She's very interesting. Did you know, when she was 14, she severed the webbing between her own toes?",1
454,"You know, the holidays are just around the corner. Maybe he wants to see if he can lodge the other testicle up there.",1
455,Hmm. That's too bad. We could have spent New Year's Eve waiting for the ball to drop.,1
456,Sure. You want to see what all the scientists are wearing this year.,1
457,You'd think a winner could make a decent cup of cocoa.,1
458,"Oh, I see why you're confused. No, her news sounded important, but what you're forgetting is, it was an achievement in the field of biology. That's all about yucky, squishy things.",1
459,"No, but maybe she wants a man with a pocket watch.",0
460,"Well, yeah, sex with you is pretty great. Have you ever tried it?",0
461,"Well, that wady took high-wes pictures of my junk wast night for Cwaigswist.",0
462,You mean for a person whose neck massages feel like an eagle is trying to carry you to its nest?,1
463,"Yeah, terrific. The other astronauts would love to go hurtling through space with a guy named ""Crash.""",1
464,Maybe that's because I'm not being challenged. It's the same reason Einstein failed math.,0
465,"Hope your hands are steady. It's the width of a single hair. But this is just biology, so I'm sure it's no problem for a genius like you.",1
466,"Oh, screw her. She's just lucky we let her hang out with us.",0
467,"I'm sorry, it's the bad boy attitude that comes with this hair.",0
468,"Also instead of just living in your mother's house, you could actually live inside her body.",1
469,"...to all the good times we had, like, uh, when we went camping and spent that night telling each other all our secrets. I told him I'm addicted to pedicures and he told me he lost his virginity to his cousin.",0
470,"How about you? Did you have a fun night? Yeah, we, uh, made gift bags, had wine, and then went online and saw this.",1
471,"Not exactly. Listen, if you don't mind, I'm not really up for chatting. I'm just going to sit here quietly and let my life flash before my eyes.",0
472,"Darn. If you weren't busy, I'd ask you to join us.",1
473,I am talking to a man in space. If you don't have the (walkie-talkie static) then he might as well be at the Coffee Bean over on Lake Street.,0
474,I'm starting to get a sense of it.,1
475,"Well, if that's all it takes, it's a good thing you don't have a dog.",1
476,"Of course, it is... it's been in the news. And it's a very famous boson.",0
477,I didn't know they gave Nobel prizes for making boom-boom in the potty.,1
478,"The original title was ""A Rederivation of Maxwell's Equations Regarding Electromagnetism"""" I dumbed it down because some of the more religious people in town were starting to say I was a witch.",0
479,We've kind of been involved in a five-year experiment.,0
480,My limbic system wants to take your pants off.,0
481,"Okay, the NASA Web site says Howard's final descent has begun.",0
482,"Yeah, well, Bernadette's a little under the weather and my mom's kind of under my dentist.",0
483,"It's okay, you know, we space cowboys don't do what we do for glory and fame. We leave that to your rock stars and your athletes and your Howie Mandels.",0
484,that sounds a little funny to an American ear.,0
485,"""To Stuart, your comic book store is out of this world. Just like the guy in this picture was.""",0
486,"You're right, the party's fantastic. Please, tell me more. I haven't heard enough about it all week because hearing about that never gets old!",1
487,"Amy, I can't just ask Wil Wheaton to leave. He's a minor celebrity. Once you explain who he is, many people recognize him.",0
488,"She was just so sad all the time. Yeah, I was the only person who could cheer her up. Well, me and Ben and Jerry.",0
489,"Yeah, that was five weeks ago. How much longer is he gonna milk that cow?",0
490,"Anyway, to this day, I still can't see a box of crayons without crossing my legs.",0
491,Exactly what it was half an hour ago. It's like you're not even trying to get better.,1
492,I did. The guy at the liquor store said this stuff tastes great in coffee.,0
493,"Come on, let's just start walking. There's got to be a gas station or something nearby.",0
494,Why don't you ask Scotty to beam you up?,1
495,"No, just me, her and a couple of the big wigs. It's part of a bonus she got.",0
496,"Dumped her? What, did he use a forklift?",1
497,Like Burt and Ernie. You guys even teach me stuff about words and numbers.,1
498,"Trust me, you're not Jewish. That's how they get you.",0
499,"Yeah, I'm really looking forward to it. In fact, there's no place I would rather be than here.",1
500,And I'm cool with surprises. But nothing on a Jumbotron. I don't want to cry on a big screen like that.,0
501,We could go to Red Lobster and talk about it. We're all thinking it. I just had the decency to wait for him to leave.,0
502,"Go out with me on one date, and I promise you, you'll see.",0
503,"Oh, sure, what a wonderful idea. And after that, I'll make up my own rules of oral hygiene. You know, instead of flossing, I'll rub pudding on my gums. I'm going to get the number of the SyFy Channel and give them what for.",1
504,"Oh, I think we were looking at creepy in the rearview mirror when I put up that camera.",0
505,I think I'm gonna go. Thank you for the burrito and the pork rinds and the 20-minute lecture on why monster trucks are better than regular trucks.,1
506,"A lane frequented by liars. Like you, you big liar!",0
507,Because you're in the right lane behind a bus and you won't go around it? I'm sure she finds it charming.,1
508,"I enjoyed it. When you told me I was going to be ""losing my virginity,"" I didn't think you meant showing me <i>Raiders of the Lost Ark</i> for the first time.",1
509,It was very entertaining... despite the glaring story problem.,1
510,How do you not tear off his clothes and take him right here on this table?,1
511,"Not as relieved as I'm about to be. It's a brave new world, little lady.",0
512,"I'm not going to bother him, I'm going to talk to him.",0
513,"- No, no, no. I'm really good at this. All right, give me a hint. Does it involve difficulty initiating a stream of anything?",0
514,"Why? Because I got an ugly, itchy sweater, and my brother got a car? No, I was her favorite.",1
515,Can we talk about something else? Do you know that I yodel?,0
516,I can't believe we wasted all that time on our Hulk costumes.,0
517,"People usually start a meeting with a joke, but you go ahead-- end with one.",0
518,What do you think I was gonna do at home?,0
519,I was gonna say we pick up a cake or a pie. But an insult to her faith is always thoughtful.,1
520,"Ooh, I'm gonna check the fridge, and see if there are any clues inside a beer.",1
521,"Well, my beer isn't flat and my rack's not saggy. So far, the future's great.",1
522,"And of those few months, how long have you been a demented sex pervert?",0
523,"Let the dead man talk. So, why do you think that?",0
524,"Well, now that I've given up string theory, I'm struggling to find my next area of focus. So, in your professional opinion, which of these areas do you think is the most promising?",0
525,"You know, if you're really serious about that, I hear there are some exciting opportunities in home care for the old and fat.",1
526,"And if it turns out you don't... - you and I could live together. - You and... Oh, sure.",1
527,"- You and... Oh, sure. And while we're at it, why don't we get engaged, too? Why don't we get a little house, start a family? Enjoy our sunset years together? Do you hear yourself, woman?!",1
528,"There they go, fighting again. You'd never hear her talk that way to Sauvignon Blanc.",1
529,"I'm with him three years, nothing. She's with two minutes, and he's taking his pants off.",0
530,I'll give you a plan right now. Step one: open comic book store. Step two: start rumor this comic book store gives you genital warts.,0
531,"On the bright side, that Oxford study was right. One friend down. I wonder who you're going to lose next.",1
532,That's how much buying a comic book store means to me.,0
533,"Okay, sit down. Listen, Emily, what happened between me and Raj was a long time ago. It was,",0
534,It's true-- you're both gorgeous. Kind of says something about the man who could bed you both.,0
535,I don't need a reason-- it's my house.,0
536,"Boy, when you met Bernadette, the field of robotics really took a hit.",1
537,Let's not talk about this in front of our friends.,0
538,Maybe it's a good thing we came here. It's like a lesson in what not to do.,1
539,"Same as all of us, getting out of a car without underwear.",1
540,"Because no one wants to see Neil deGrasse Tyson in a wet T-shirt, bent over the hood of a Porsche.",0
541,"Wow, he really went where no man has gone before.",0
542,"Well, he said it was a tribble. It could be a toupee, but either way, it's pretty cool.",0
543,"Ah, that's a good question. Apparently someone was being awfully flirty while not wearing their engagement ring, causing another someone to show up here thinking the first someone might be available.",1
544,"Wow, you still have it? I just assumed it was balled up in the corner of a barn somewhere.",1
545,"Next time I might be in a rush, it's good to have a few in the bank.",0
546,I'm listening to you snore. I'm wondering how I'll ever sleep without it.,1
547,"He probably got a new one. Finish your breakfast. Look, there's an entire section of my dashboard that doesn't have any syrup on it.",0
548,And here I am in the trap. You just keep talking. I'm gonna chew my leg off.,1
549,"And I love that I work and do all the cleaning, and you're okay with that.",1
550,"Oh, you're hardly out of the woods, no. You still run the risk of infection, a blood clot, the possibility that an inattentive surgeon let a barn spider lay eggs in your nose.",0
551,"I love that you take pride in your looks, even when I have to pee in the morning, and you're in there spending an hour on your hair.",1
552,I love that you're too good to pee in the kitchen sink.,1
553,"So as they say, all good things must come to an end.",0
554,Doesn't Professor Abbott's family want any of this stuff?,0
555,"I guess the sad truth is, not everyone will accomplish something great. Some of us may just have to find meaning in the little moments that make up life.",0
556,"You know what? That was almost on topic. I'm gonna say, ""Good job, Sheldon.""",1
557,Are you sure a dummy like me can handle something as complicated as a blanket?,1
558,"No, you're right, we should do what you do. Have our mom send us pants from the Walmart in Houston.",1
559,Is that why you had to take him to Office Depot last night?,0
560,"As you may know, I've been experimenting with elevated anxiety levels, and I thought, what better way to increase my discomfort than to subject myself to an evening of tasteless uncensored crotch talk?",0
561,"And how difficult it is to do when she's bloated, cranky and crampy?",0
562,"I've, uh, created some other user accounts so I can post positive comments about their paper.",0
563,The answer's in this puzzle box. Let's see if you can open it.,1
564,"No, Stuart picked out those throw pillows all on his own.",1
565,"Not much, but he seemed to be in a pretty good place.",0
566,"I don't know, perhaps somebody took it off the carousel by mistake?",0
567,This is why I've been saying we should keep champagne on ice.,1
568,"Yeah, turns out half a dozen menorahs really sets a mood.",1
569,"Yeah, we just want to have the kind of dinner that we've all had here so many times before.",0
570,"Yeah, good for you, Leonard. That's a lovely little notion. Kind of like, I wish I could talk to my uncle in Chicago. Yeah, now stand back while I invent the telephone. Hello? Oh, hold on. Leonard, it's your uncle. He says you just got burned.",1
571,It's why my people wandered the desert for 40 years. Took that long to walk it off.,1
572,"All right, Amy's in charge of pricing and being 75.",1
573,"And if I had a friend, they might have told me that.",0
574,Then buckle up; you're in for a cranky night.,0
575,"Oh, just put it in your mouth and pop it like a zit.",0
576,"No need to. As soon as she flies into California airspace, I'll feel a disturbance in the Force.",1
577,"Uh, no. I overheard Bernadette tell Howard she was making him a meat loaf, and you don't have to not ask me twice.",0
578,"Oh, yes, we've got the moon and the trees and... Elizabeth McNulty, who apparently died when she was the same age I am.",0
579,"Wow, there's a Denny's in Vegas you can actually get married in.",0
580,"I guess he wants to do a little dance, you know, make a little love. Well pretty much get down to that.",1
581,You have to stop the Q-Tip when there is resistance,1
582,"Joey if I go first, I want to be looking for my keys",1
583,Yes yes it is! In Prison!!,1
584,"Uh, so how many cameras are actually on you.",1
585,But younger than some buildings!,1
586,"And then and then you clicked it again, she's dressed. She is a business woman, she is walking down the street and oh oh oh she's naked.",0
587,Oh no donÕt go. I have scared you. I have said too much. I am hopeless and awkward and desperate for love.,0
588,Sounds like she has got the whole package!,1
589,Yeah either that or gloria estefan was right eventually the rhythm is going to get you,1
590,I'd miss you if I broke up with you. Just trying to be supportive.,0
591,"Oh, uh, no thanks. I just had an M&M.",1
592,"Okay, but if you are not coming back soon, there is pretty much nothing I can do about it",1
593,You can't do anything.,0
594,I'll catch you guys later.,0
595,Really?,0
596,"Our balcony? Seriously? That's so funny because I told Monica we should put lights on our balcony. - And she said - ""No no, its too cold, nobody will go out there.""  - I said ""Maybe if we put some lights out there they will"".",1
597,"Oh my god, you almost gave me a heart attack!",1
598,Janice? Janice?,1
599,"I am sorry, it was a one time thing. I was very drunk and it was someone else's subconscious",1
600,"And sometimes I would want you to steal third, and I'll go like this.",1
601,Crazy bitch!,1
602,"Yes, the doctor's say if they remove it, he will die!",1
603,And I just won a million dollars!,0
604,You sure he is going to be able to crack that code?,1
605,"These people find out that a spelling game is going over there, there will be nobody left at our party.",1
606,"Oh, wait a minute, I have no one.",1
607,Actually I yesterday I was smoking again. Today I am smoking still.,1
608,"Oh I do. Oh no, wait a minute, I took it out of my shirt when I put it on this morning.",1
609,"I thought if I littered, that crying Indian might come by and save us.",1
610,Huh! Whats dufus speled backwards?,1
611,"Oh no, now its not gonna make any sense",1
612,"Nope, that patch is no good.",1
613,"If that doesn't keep kids in school, what will?",1
614,"Hey, my father's house does that.",0
615,Were you so late because you were burying this woman?,1
616,I am so confused as to what we have been doing so far.,1
617,A tshirt that says - I don't belong here.,1
618,"Oh Oh, I am convinced!",1
619,Oh just like give a minute to wake up for this  ...  Ha ha! You lost the ring. You the worst best man ever!,0
620,"Pheebs, you may know this, you know strange things. What is the boiling point of brain?",1
621,And the bunny got away!,1
622,And you are gonna make them all disappear.,1
623,"Wow you look just like your son, Mrs. Tribbiani",1
624,Your makeup?,1
625,I'm sorry man there is never a good time to have to .. Stop catching on fire.,1
626,Joey's got a really bad hernia but its nothing that a laser eye surgery wont fix,1
627,"See now that I see crying over, but Bambi, is a cartoon.",1
628,"Because his penis was too big. I am sorry, thatÕs the kind of thing I do.",0
629,"Oh hurry up, I want to sign that.",1
630,"Nice jon Joe, you are quite the craftsman!",1
631,Well thank God your livelihood doesn't depend on it.,1
632,Oh I left them in my bulldozer .. I don't have tools!,1
633,"We were wondering what was taking so long with the gift, but now we understand you were doing this.",1
634,Oh tons. I am quite the woodsman.,1
635,If only there was something in your head to control the things you say.,1
636,"Well yes Ross, pressing my third nipple opens the delivery entrance to the magical land of Narnia.",1
637,"I am sorry, we donÕt have your sheep.",1
638,"No, rabies.",1
639,Was that place the sun?,1
640,Maybe he was nervous.,1
641,"No you are not Chandler, we still love you Chandler",1
642,We got a box.,0
643,I was saying the actual words,1
644,His legs flail about as if independent from his body,0
645,"Yes you can. You're thinking about time, you can't go back in time.",0
646,Did I wake you?,1
647,Great! Now we can do laundry all night. All night laundry!,1
648,"ThatÕs a good one too Pheebs, now all that I have to do is find a plane load of people whose resolution is to plummet to their deaths",1
649,"You know some might find it amusing, I myself find it regular.",1
650,"And Hornswoggle? What? Are you dating a character from ""Fraggle Rock""? Ahh.",1
651,"Joey ate my last stick of gum, so I killed him. Do you think that was wrong?",1
652,It was an accident. Not like I was across the street with a telescope and a box of donuts.,1
653,"Hey, that's Joincidence with a C",1
654,"The Jamestown colony of Virginia. You see King George is giving us the land, so.",1
655,"Dear god, this parachute is a knapsack",1
656,"Oh yeah ok, including the waffles last week, you now owe me, seventeen zillion dollars.",1
657,"No, no, I am just looking for a man to draw on me with chalk.",1
658,"I am telling you, when she leaned back, I could see her brain",1
659,Me? I am gonna die alone!,1
660,Spanish midgets wrestling Julie! Okay yes I see how they got there.,1
661,"Well, it will probably slow me down at first. But once I am used to the extra weight, I ll get back on track.",1
662,"A lonely grey couch. "" O look "" cried Ned. And then the kingdom was his. The End.",0
663,See Joe that's why your parents told you not to jump on your bed!,0
664,"I just have to do one thing, really quickly, its not a big thing  ...  GET UP||",1
665,"No, this is just part of a daredevil game that I play called wait until last moment before I burst and die",1
666,"Yes, we all know how cruel a parent can be, about the flatness of a child's pillow.",1
667,I think this is probably why Damone smokes in his cell alone.,1
668,Oh! Satan's minions at work again?,1
669,"Maybe it's a contest, you know? Like ""Collect all five"".",1
670,I guess you would know that or else we would be in a predicament room,1
671,We can? Ok I am trying that.,1
672,Oh yeah right. And what would my opening line be? Excuse me,1
673,Ah you see perfect might be a problem. Had you said co-dependent or self-destructive.,1
674,That's so funny because you look more like Joey Tribbiani man slash woman.,1
675,"No, no the actual cartoon character .. Of course the baloon.",1
676,That monkey has got a Ross on its ass!,1
677,"Okay, but If he asks, I am not going to lie.",0
678,"Oh, um, I don't care!",1
679,"You know once you are inside, you don't have to knock anymore.",1
680,We think it was trying to spell out monkey.,1
681,Dee. The sarcastic sister from What's Happening.,1
682,"Uh, okay. The fifth dentist caved and not they're all recommending Trident?",1
683,Ah your own brand of vigilante justice.,1
684,Did you tell her about the magical night that starts with the flush of every toilet?,1
685,"Oh I see, I thought you just really really liked your new couch.",1
686,"No its not big, not at all. Kind of the same lines as, I don't know, having a third nipple!",1
687,Why? You never look down in the shower?  Oh please I am allowed one joke in the monkey is penis genre.,1
688,And I think my testicles may be in here too,1
689,"ThatÕs good, just keep rubbing your head. That will turn back time",1
690,My duties?  All right.,0
691,Ok!,0
692,No way!,0
693,Oh.,0
694,The whole thing! Can we go?,1
695,"Great! Okay, here.",0
696,"Okay, does this look like a garbage can to you?",0
697,"Oh my God, wh-what happened?",0
698,"Oh boy, I just can't watch. It's too scary!",1
699,Yeah it would!,0
700,No!,0
701,Really!?,0
702,: Yeah.,0
703,What?  Why?,0
704,Oh! Oop!,0
705,What a baby.,0
706,I talk to you and nothin'.,0
707,Do you still wanna call  'em? I wanna call  'em.,0
708,"I'm just gonna throw it out, it's probably just a bunch of shampoo and...",0
709,"So, you're just Bing?",0
710,"All right, cut, let's pick again, pick again.",0
711,It's that whole sensitive thing.,0
712,Yeah. What-what should I do?,0
713,For what? For letting you throw me out of your office?,1
714,Like I have nothing better to do!,1
715,"Oh hey, great, you're up. Rachel, this is my sister Krista. Krista, this is Rachel.",0
716,"Umm, excuse me, we switched apartments. You can't eat are food anymore, that-that gravy train had ended.",0
717,"Well, we're trying to find someone to perform our wedding and they're all either boring or annoying or y'know, can't stop staring at the ladies.",0
718,What?!?!,0
719,"Ross-Ross, you have no idea what this means to me!",0
720,What would you give to a kid if he wanted a ticket to play with?,0
721,"Oh sure, go with the sissy.",1
722,I mean if you hadn't initiated it I-I-I know I would've.,0
723,DANGER,0
724,Yeah! Look!,0
725,You'd better act surprised.,0
726,Well what are you gonna do when he finds out he wasn't even asked?!,0
727,"Okay, you guys, just relax.  I doooo.",0
728,"Y'know what I mean, like dubbies?",0
729,"Excellent hole, Joe.",1
730,"Oh my God!! Ohh, that is it! I'm leaving! You are just a horrible person!",0
731,"Anyway, they want to take us out Saturday night! What do you say?",0
732,Thank you.,0
733,"Take your shirt off, and let's see what we're dealing with here.  What are you doing?",0
734,I studied for a year in Barcelona.,0
735,Just tell me how.,1
736,"I really, really enjoyed it. Very exotic.",1
737,"When? Today? Some, not a lot.",0
738,"The big deal is I don't want naked, greasy strangers in my apartment when I want to kick back with a puzzle,beer! Cold beer.",0
739,We- we had our first fight this morning.,0
740,Nobody sees the king!,0
741,Yeah.,0
742,It's not a real game! I made it up!,0
743,I'm never gonna get to meet her anyway.,0
744,"All right, let's do it.",0
745,"Y'know you, you just stop being such a wuss and get those off and you come with us and watch naked girls dance around!!",0
746,"Yeah, a slice of cheesecake and-and a date if you're given'  'em out.",0
747,It's not funny!,0
748,"Are you kidding? I love that guy!  Morning's here! Morning is here,",0
749,"Stating the obvious, but thank you. And it's not weird is it.",1
750,"Yeah, I don't think so Joe.",0
751,"Yeah, I'm fine.",0
752,"It's white plastic, with a handle, and it fits onto a stroller.",0
753,"So to sum up, I'm Professor Geller.",0
754,"When they're hungry enough, they'll come in.",0
755,"Well, don't  'cha wanna?",0
756,"Well, I believe the piece of furniture was fine until your little breakfast adventure with Angela Delvecchio",0
757,What-wh-what so we'll just stay married forever?,1
758,"I don't know, something girlie.",0
759,What's going on?!  That's what's going on!!,0
760,Weā€™re not peeking?,0
761,"Well, y'know I'm 29. I mean who needs a savings account.",1
762,Why? Because she can sing and play guitar and do both at the same time?,1
763,Thank you.,0
764,Cover yourself up!,0
765,Ohhh!!!!,0
766,"Wait, wait, Chandler, this is what you're havin' for Thanksgiving dinner?",0
767,I don't think so. Hello?  When you get in there,0
768,You had no relationship!!,0
769,It was like months ago.,0
770,I can show you an ID if you want?,1
771,"I do not always have to be,okay, okay.",0
772,Wow! Imagine what our kids would look like!,0
773,"I'd love to show ya, but I just tucked her in.",0
774,I can't believe it.  Can I tell you something? I'm a little mad at him now.,0
775,"So, I'm sorry I just don't think we should go away together yet.",0
776,And protected them from a tornado?,1
777,When are you coming home?,0
778,"See, there you go, the cleansing works!",0
779,"Ow, ow, ow, ow, leg cramp, leg cramp, leg cramp.",0
780,"Oh yeah. First off all, chasing the Churo guy isn't jogging.",0
781,"Well, I'd gotten Judy pregnant. I still don't know how that happened.",1
782,Was it not pain-free?,1
783,No!,0
784,"Oh, you say someone's name enough, they turn around.",1
785,"And it came out, ""Squatternut buash?""",0
786,"I didn't know you and Carol were getting divorced, I'm sorry.",0
787,"Uh, listen, I need that broiling pan that Joey borrowed the other day.",0
788,"Me too! There's a game on Tuesday, do you wanna go?",0
789,Uh-huh!,0
790,"And, uh, I don't know if you got any of that, but I would really like a copy of the tape.",0
791,"Oh, no, no. I just meant hypothetically.",0
792,"Well, I like it. Here you go.",0
793,"Whoa, whoa, whoa.",0
794,Okay?,0
795,"You and I, we're interfacing.",0
796,"Alright, I'm gonna go pick up a few things for the trip.",0
797,So now I have to go so he'll think that I'm totally ok with seeing him!,1
798,And did he?,0
799,You're gonna have to tell me how you did that.,0
800,All right.,0
801,No,0
802,"I mean, you and I we're just, y'know, we're nothing, we're goofin' around.",1
803,"Uh-huh, well! But umm, still I'm-I'm mad at you.",0
804,"Okay, are you aware unagi  is an eel?",1
805,Paper cut!,0
806,"Just a sec, give me a minute to wake up for this,Ah-ha-ha!!",0
807,"Uh, Rachel's here, so good luck man, let me know how it works out.",1
808,"All right, okay, well, apparently not!",1
809,"That's easy for you to say, you weren't almost just killed.",1
810,I don't think you could ever do that.,0
811,"Yes, I know, but her friend sounds like such a...",0
812,Chandler?,0
813,"Uh, I'm gonna kill myself!",0
814,"Thanks, but I kinda have a problem to deal with here.",0
815,Yeah!,0
816,Hey! It's starting to snow.,0
817,"Look, please, please don't go anywhere, okay?",0
818,"He's right, even if it's to say something complementary.",0
819,"Hey, does somebody wanna hand me one of those tiles.",0
820,"Chloe, switch with me, there's some guys here that got a crush on you.",0
821,I'm the supply manager.,0
822,What did you want to show us? Because all I can see is this bitchin van,0
823,You still love me?,0
824,No! I'm so happy for them!,0
825,"Look I never should have kissed your girlfriend, but I'm",0
826,Lovely,1
827,"Well ah, I've been doing a lot of thinking, and I look at my life",0
828,I'm the ruptured spleen.,0
829,Why?,0
830,"Oh-oh, that's a risky little game!",0
831,"Oh, come on!",0
832,"Cause all I ever get to do now is pregnant stuff, it just bums me out.",0
833,Hey.,0
834,"This-this, no, oh no, no-no-no, this is not,that's-that's not what it is.",0
835,"Whoa, maybe I was!",0
836,"Yeah okay, I was just talking to the guys. Just look at them I mean, is it okay if they come visit?",1
837,"Well, umm, my Mom's friend, Phoebe, is actually my birth Mom.",0
838,"Anyway, I should go, one of the lifeguards was just about to dismantle a nuclear device.",0
839,"Okay, Janice. Janice. You gotta give me Janice. That wasn't about being picky.",0
840,That oughta do it.,0
841,Hey.,0
842,All right I'll have one.,1
843,"Ross umm, there's something that I've got to tell you, there's-there's someone else.",0
844,"Yeah, I mean, it would be rude to them for us to leave now.",1
845,"Twenty-one hours, you're a hero.",0
846,"No, I know, but I,he just went on.",0
847,"Okay, now much have you won so far?",0
848,It's my friends.,0
849,No!! You have been screwing us all day!,0
850,"I did not mean to touch that,I mean",0
851,I'm supposed to teach a graduate seminar there in ten minutes.,0
852,I was thkinking about maybe going into the Robot.,0
853,Oh well. It probably would've been the most constructive solution.,0
854,"Nothing. It's just old and dingy, that's all.",0
855,Yeah?,0
856,Uh-huh!,0
857,The end.,0
858,"Ah, oh, hang on a second. Come in, come in. All right, so think about it, and call me back.",0
859,Pheebs?,0
860,"Yeah. Yeah, that's what you need a good .. pill.",1
861,Hey!,0
862,"Can't do it, can you?",0
863,"Yeah, she's fired.",0
864,"Nope. Op, wait! There he goes.",0
865,"Hey, do you know a six-letter word for red?",0
866,Okay?,0
867,I know but it's so hard! Nothing rhymes with your stupid name!,0
868,Take a couple deep breaths.,0
869,"No no, you don't have to fly back, really.",0
870,What?,0
871,Okay?,0
872,"Hi, Joey. Well well, look what you brought. Very nice.",0
873,What was that?!,0
874,Yeah?,0
875,"On the other hand in um, in about seven months you're gonna have something that you're gonna love more than any guy you've ever gone out with.",0
876,That is the coast guard!,0
877,"Ah well, this is the living room.",0
878,"Oh, hey, look, I found coffee! Okay, let's skedaddle.",0
879,"I wasn't by myself. I had a doctor, a nurse, and a helper guy. So, did you see who won the game?",0
880,I just called a friend of mine.,0
881,"Even if people are on it!""",1
882,I-I'm really sorry. It's just that I,0
883,"Yeah well that's because uh .. I stayed in my room. Yeah, you don't want to look in my hamper.",0
884,"I guess you'd know that, being one of the two of us, though, right?",1
885,Some guy bought it. I'm sorry. I tired to stop it but they put me in jail!,0
886,"Almost! But first, we gotta start.",1
887,You building a post office?,1
888,Stick to the list.,0
889,Uh yes! Thank you.,1
890,And then for forgetting to invite you to it.,0
891,"So Ross, how umm, how did it go with Bonnie?",0
892,What are you up too?,0
893,Yes it is.,0
894,So how'd it go?,0
895,What is the matter with your face?!,0
896,It would be nice to have a little guarantee though.,1
897,Then we went to this bar and he hooked us up with all these women!,0
898,I've never loved anybody as much as I love you.,0
899,"No just, nobody press on my stomach.",0
900,"Umm, would you please excuse me for a moment?",0
901,No.,0
902,Am I out of control?,0
903,If you wanna put a label on it.,1
904,But I'm the host!,0
905,I can see it from right here. It'll cost you one husband.,1
906,"Nooo! No, that's not true. No, best time ever! Yeah, you rocked my world!",1
907,"Seriously, it's moving!",0
908,"Carol called me to thank me for the lasagna, I asked, she told me.",0
909,"Look now, Phoebe remember, hey, their just fulfilling their Christmas....",0
910,"No, no, no, it's flattery.",0
911,"Yeah, she couldn't live without the Chan Love.",0
912,No Blanche she is upset because they keep changing the taste of coke.,1
913,"No Rose, she is depressed because Marvel had manners on only once a week",1
914,"No Rose, I am nervous because Sonny Bono gets elected mayor of Palm Springs, he is gonna make all the postmens wear leather bell bottoms and a fur vest.",1
915,"Oh yes Blanche, about a half hour ago. But now I have hidden her again so you can find her.",1
916,"I don't know Rose, maybe Marry Poppins has an Italian cousin.",1
917,On the home shopping network,1
918,No I am upset because crocodin turbs are wearing darker colors.,1
919,The liberarche marquee at Caesar's palace,1
920,"No, she is going to sit here where itÕs a 112 degrees and eat enchiladas.",1
921,"No, its because I cannot make any sense of those commercials for obsession.",1
922,"No, I am depressed becaues Phillis George left the morning news.",1
923,"No Blanche, with a venus fly trap",1
924,"No Rose, go to the corner and open a stand",1
925,Lords of Arabia,1
926,No I am worried she might be Phir Resuda's,1
927,"Oh ma no, it was a little girl selling girl scout toilets.",1
928,"No, I haven't taken her out of the trunk of the car yet.",1
929,"Rose, you should sit here and watch her hack herself to death",1
930,"Ofcourse no Ma, I am referring to Carrey Grant, he is living in the broom closet.",1
931,"How about stopping by new years eve with three naked women, throwing up in the pool, passing out in the punch bowl, and relieving yourself in the linen closet?",0
932,"No Rose, at a pie eating contest.",1
933,To feed the cat Rose.,1
934,Show them your slides of Hawaii,1
935,No I am upset because Joe Piscapo didn't get the lead role in rain man.,1
936,A bucket of chicked. I hope you like it extra flat and crispy,1
937,It's a musical Rose,1
938,I'm worried about whether Michael Jackson will be able to buy the remains of the elephant man.,1
939,His cappucino maker.,1
940,"No, she I supset because Jimmy Swaager can't cover his motel bill",1
941,No itÕs the rose in the kitchen thing.,1
942,"In what Blanche, dog years?",1
943,"I'm sorry Sophia, but in Dorothy's defence, it sure sounds a lot like her.",1
944,Because it wears a little sunbrella Rose.,1
945,What was I doing? My ben gazara in person?,1
946,What are these? Claws?,1
947,"The little man who lives in there, who turns the light on and off will tell you.",1
948,"No Rose, I am developing pictures from the magellan space probe",1
949,"No Rose, it stands alone.",1
950,A hand puppet Rose.,1
951,"No Rose, that you should do.",1
952,Amazing.,1
953,Nooo,1
954,Well scott I am sure we are all really really looking forward to hear your story.,1
955,Sarcasm? Noo.,1
956,"No, no no, I just mediate the gorup. I just give up every Tuesday of my life to help these screwups for the good of my health",1
957,Really?,1
958,Sarcasm? At a sarcasmoholics meeting?,1
959,You got off to a really good start with the group.,1
960,We thought you were just here for the company. He is a sarcasmoholic Stewart.,1
961,Noooo. Really?,1
962,Nooo!,1
963,Sarcastic? Us? Nooo.,1
964,And I am sure every person here really really wants you to join our group.,1
965,Noo..,1
966,"You said you spent all that money because those boots go with skirts, dresses and pants. What do you plan on wearing? A Chicken suit?",1
967,"Oh I am sorry, do you need a break?",1
968,I can see it from right here. It'll cost you one husband.,1
969,Well why don't you check in one of my saddle bags while I chew on a bale of hay.,1
970,"Well, I'm a headhunter. I hook up out of work Soviet scientists with rogue third-world nations. Hi Rasputin!",1
971,"Let me think! Let me think! Oh, I don't care.",1
972,The British are coming?,1
973,Oh my God I love that! - Really? - NO!,1
974,No thanks Josephine!,1
975,"Oh my god, where are all the men?",0
976,"This is so good, that I am gonna enjoy it in the balcony. I can enjoy my view, whilst I enjoy my desert.",1
977,Really? Struck down in the prime of life.,1
978,"I am not freaking out, why would I be freaking out? A woman named Hildy called and said we will get married, but that happens everyday",1
979,I was making a coconut phone with a professor.,1
980,What do you know? Its a treat for the eyes and the ears.,1
981,I really don't wanna sit with Allen Iverson over there .,0
982,"Gee, if only she were one and had no idea what a birthday was.",1
983,"Oh sure, she was probably up all night excited about the party she knows is happening.",1
984,Are you still enjoying your nap?,1
985,"Hes not right for the part, and if I suggest him my bosses are going to think I am an idiot. And thatÕs something they should learn on their own.",1
986,"Oh yeah he has a caretaker his older brother, Ernie. You can't make this stuff up!",0
987,Is it me or the greetings gone downhill around here?,1
988,"You are right, by saying nice, I am virtually licking her.",1
989,"Yes and we are ""very"" excited about it.",1
